{
	"segments" : 	{
		"seg_0" : 		{
			"name" : "Performance",
			"start_ms" : 0,
			"end_ms" : 679446,
			"len_ms" : 700496.689342403667979,
			"col" : [ 0.280081629753113, 0.653895378112793, 0.859437644481659, 1 ],
			"parent" : "null",
			"children" : [ "seg_2", "seg_3", "seg_4", "seg_5", "seg_6" ]
		}
,
		"seg_1" : 		{
			"name" : "Applause",
			"start_ms" : 679446,
			"end_ms" : 700496.689342403667979,
			"len_ms" : 21050.689342403667979,
			"col" : [ 0.696943342685699, 0.721178948879242, 0.756390571594238, 1 ],
			"parent" : "null",
			"children" : "null"
		}
,
		"seg_2" : 		{
			"name" : "A",
			"start_ms" : 0,
			"end_ms" : 180004,
			"len_ms" : 180004,
			"col" : [ 0.235100358724594, 0.540837705135345, 0.714284777641296, 1 ],
			"parent" : "seg_0",
			"children" : [ "seg_7", "seg_8" ]
		}
,
		"seg_3" : 		{
			"name" : "B",
			"start_ms" : 180004,
			"end_ms" : 280081,
			"len_ms" : 100077,
			"col" : [ 0.235100358724594, 0.540837705135345, 0.714284777641296, 1 ],
			"parent" : "seg_0",
			"children" : [ "seg_9", "seg_10", "seg_11" ]
		}
,
		"seg_4" : 		{
			"name" : "C",
			"start_ms" : 280081,
			"end_ms" : 419000,
			"len_ms" : 138919,
			"col" : [ 0.235100358724594, 0.540837705135345, 0.714284777641296, 1 ],
			"parent" : "seg_0",
			"children" : [ "seg_12", "seg_13", "seg_14", "seg_15" ]
		}
,
		"seg_5" : 		{
			"name" : "D",
			"start_ms" : 419000,
			"end_ms" : 497007,
			"len_ms" : 78007,
			"col" : [ 0.235100358724594, 0.540837705135345, 0.714284777641296, 1 ],
			"parent" : "seg_0",
			"children" : [ "seg_16", "seg_17" ]
		}
,
		"seg_6" : 		{
			"name" : "E",
			"start_ms" : 497007,
			"end_ms" : 679008,
			"len_ms" : 182001,
			"col" : [ 0.235100358724594, 0.540837705135345, 0.714284777641296, 1 ],
			"parent" : "seg_0",
			"children" : [ "seg_18", "seg_19" ]
		}
,
		"seg_7" : 		{
			"name" : "A1",
			"start_ms" : 0,
			"end_ms" : 62002,
			"len_ms" : 62002,
			"col" : [ 0.202328383922577, 0.459426522254944, 0.604936480522156, 1 ],
			"parent" : "seg_2",
			"children" : [ "seg_20", "seg_21", "seg_22" ]
		}
,
		"seg_8" : 		{
			"name" : "A2",
			"start_ms" : 62002,
			"end_ms" : 180094,
			"len_ms" : 118092,
			"col" : [ 0.202328383922577, 0.459426522254944, 0.604936480522156, 1 ],
			"parent" : "seg_2",
			"children" : [ "seg_23", "seg_24", "seg_25", "seg_26", "seg_27", "seg_28" ]
		}
,
		"seg_9" : 		{
			"name" : "B1",
			"start_ms" : 180004,
			"end_ms" : 230068,
			"len_ms" : 50064,
			"col" : [ 0.202328383922577, 0.459426522254944, 0.604936480522156, 1 ],
			"parent" : "seg_3",
			"children" : [ "seg_29", "seg_30", "seg_31" ]
		}
,
		"seg_10" : 		{
			"name" : "B2",
			"start_ms" : 230068,
			"end_ms" : 267047,
			"len_ms" : 36979,
			"col" : [ 0.202328383922577, 0.459426522254944, 0.604936480522156, 1 ],
			"parent" : "seg_3",
			"children" : [ "seg_32", "seg_33", "seg_34" ]
		}
,
		"seg_11" : 		{
			"name" : "B3",
			"start_ms" : 267047,
			"end_ms" : 280059,
			"len_ms" : 13012,
			"col" : [ 0.202328383922577, 0.459426522254944, 0.604936480522156, 1 ],
			"parent" : "seg_3",
			"children" : [ "seg_35", "seg_36", "seg_37" ]
		}
,
		"seg_12" : 		{
			"name" : "C1",
			"start_ms" : 280081,
			"end_ms" : 303004,
			"len_ms" : 22923,
			"col" : [ 0.202328383922577, 0.459426522254944, 0.604936480522156, 1 ],
			"parent" : "seg_4",
			"children" : [ "seg_38", "seg_39", "seg_40", "seg_41", "seg_42", "seg_43" ]
		}
,
		"seg_13" : 		{
			"name" : "C2",
			"start_ms" : 303004,
			"end_ms" : 336004,
			"len_ms" : 33000,
			"col" : [ 0.202328383922577, 0.459426522254944, 0.604936480522156, 1 ],
			"parent" : "seg_4",
			"children" : [ "seg_44", "seg_45" ]
		}
,
		"seg_14" : 		{
			"name" : "C3",
			"start_ms" : 336004,
			"end_ms" : 373001,
			"len_ms" : 36997,
			"col" : [ 0.202328383922577, 0.459426522254944, 0.604936480522156, 1 ],
			"parent" : "seg_4",
			"children" : [ "seg_46", "seg_47", "seg_48", "seg_49" ]
		}
,
		"seg_15" : 		{
			"name" : "C4",
			"start_ms" : 373001,
			"end_ms" : 418999,
			"len_ms" : 45998,
			"col" : [ 0.202328383922577, 0.459426522254944, 0.604936480522156, 1 ],
			"parent" : "seg_4",
			"children" : [ "seg_50", "seg_51", "seg_52", "seg_53", "seg_54" ]
		}
,
		"seg_16" : 		{
			"name" : "D1",
			"start_ms" : 419000,
			"end_ms" : 471005,
			"len_ms" : 52005,
			"col" : [ 0.202328383922577, 0.459426522254944, 0.604936480522156, 1 ],
			"parent" : "seg_5",
			"children" : [ "seg_55", "seg_56", "seg_57", "seg_58" ]
		}
,
		"seg_17" : 		{
			"name" : "D2",
			"start_ms" : 471005,
			"end_ms" : 497000,
			"len_ms" : 25995,
			"col" : [ 0.202328383922577, 0.459426522254944, 0.604936480522156, 1 ],
			"parent" : "seg_5",
			"children" : "null"
		}
,
		"seg_18" : 		{
			"name" : "E1",
			"start_ms" : 497007,
			"end_ms" : 533002,
			"len_ms" : 35995,
			"col" : [ 0.202328383922577, 0.459426522254944, 0.604936480522156, 1 ],
			"parent" : "seg_6",
			"children" : [ "seg_59", "seg_60", "seg_61" ]
		}
,
		"seg_19" : 		{
			"name" : "E2",
			"start_ms" : 533002,
			"end_ms" : 679002,
			"len_ms" : 146000,
			"col" : [ 0.202328383922577, 0.459426522254944, 0.604936480522156, 1 ],
			"parent" : "seg_6",
			"children" : [ "seg_62", "seg_63", "seg_64", "seg_65", "seg_66", "seg_67", "seg_68", "seg_69", "seg_70", "seg_71", "seg_72", "seg_73" ]
		}
,
		"seg_20" : 		{
			"name" : "a",
			"start_ms" : 0,
			"end_ms" : 35003,
			"len_ms" : 35003,
			"col" : [ 0.153232976794243, 0.338044941425323, 0.442094683647156, 1 ],
			"parent" : "seg_7",
			"children" : "null"
		}
,
		"seg_21" : 		{
			"name" : "a'",
			"start_ms" : 35003,
			"end_ms" : 45997,
			"len_ms" : 10994,
			"col" : [ 0.186625093221664, 0.420515030622482, 0.552704691886902, 1 ],
			"parent" : "seg_7",
			"children" : "null"
		}
,
		"seg_22" : 		{
			"name" : "a'",
			"start_ms" : 45997,
			"end_ms" : 62001,
			"len_ms" : 16004,
			"col" : [ 0.186625093221664, 0.420515030622482, 0.552704691886902, 1 ],
			"parent" : "seg_7",
			"children" : "null"
		}
,
		"seg_23" : 		{
			"name" : "a",
			"start_ms" : 62002,
			"end_ms" : 86999,
			"len_ms" : 24997,
			"col" : [ 0.153232976794243, 0.338044941425323, 0.442094683647156, 1 ],
			"parent" : "seg_8",
			"children" : "null"
		}
,
		"seg_24" : 		{
			"name" : "a''",
			"start_ms" : 86999,
			"end_ms" : 110004,
			"len_ms" : 23005,
			"col" : [ 0.186625093221664, 0.420515030622482, 0.552704691886902, 1 ],
			"parent" : "seg_8",
			"children" : "null"
		}
,
		"seg_25" : 		{
			"name" : "a''",
			"start_ms" : 110004,
			"end_ms" : 139000,
			"len_ms" : 28996,
			"col" : [ 0.186625093221664, 0.420515030622482, 0.552704691886902, 1 ],
			"parent" : "seg_8",
			"children" : "null"
		}
,
		"seg_26" : 		{
			"name" : "a''",
			"start_ms" : 139000,
			"end_ms" : 155001,
			"len_ms" : 16001,
			"col" : [ 0.186625093221664, 0.420515030622482, 0.552704691886902, 1 ],
			"parent" : "seg_8",
			"children" : "null"
		}
,
		"seg_27" : 		{
			"name" : "a''",
			"start_ms" : 155001,
			"end_ms" : 163996,
			"len_ms" : 8995,
			"col" : [ 0.186625093221664, 0.420515030622482, 0.552704691886902, 1 ],
			"parent" : "seg_8",
			"children" : "null"
		}
,
		"seg_28" : 		{
			"name" : "a''",
			"start_ms" : 163996,
			"end_ms" : 180005,
			"len_ms" : 16009,
			"col" : [ 0.186625093221664, 0.420515030622482, 0.552704691886902, 1 ],
			"parent" : "seg_8",
			"children" : "null"
		}
,
		"seg_29" : 		{
			"name" : "b",
			"start_ms" : 180004,
			"end_ms" : 206999,
			"len_ms" : 26995,
			"col" : [ 0.153232976794243, 0.338044941425323, 0.442094683647156, 1 ],
			"parent" : "seg_9",
			"children" : "null"
		}
,
		"seg_30" : 		{
			"name" : "b''",
			"start_ms" : 206999,
			"end_ms" : 220998,
			"len_ms" : 13999,
			"col" : [ 0.186625093221664, 0.420515030622482, 0.552704691886902, 1 ],
			"parent" : "seg_9",
			"children" : "null"
		}
,
		"seg_31" : 		{
			"name" : "b''",
			"start_ms" : 220998,
			"end_ms" : 230004,
			"len_ms" : 9006,
			"col" : [ 0.186625093221664, 0.420515030622482, 0.552704691886902, 1 ],
			"parent" : "seg_9",