{
	"segments" : 	{
		"seg_0" : 		{
			"name" : "Piece",
			"start_ms" : 0,
			"end_ms" : 744003,
			"len_ms" : 744003,
			"col" : [ 0.280081629753113, 0.653895378112793, 0.859437644481659, 1 ],
			"parent" : "null",
			"children" : [ "seg_2", "seg_3", "seg_4", "seg_5", "seg_6", "seg_7" ]
		}
,
		"seg_1" : 		{
			"name" : "Applause",
			"start_ms" : 744003,
			"end_ms" : 758824,
			"len_ms" : 14821,
			"col" : [ 0.696943342685699, 0.721178948879242, 0.756390571594238, 1 ],
			"parent" : "null",
			"children" : "null"
		}
,
		"seg_2" : 		{
			"name" : "A",
			"start_ms" : 0,
			"end_ms" : 142000,
			"len_ms" : 142000,
			"col" : [ 0.235100358724594, 0.540837705135345, 0.714284777641296, 1 ],
			"parent" : "seg_0",
			"children" : [ "seg_8", "seg_9", "seg_10" ]
		}
,
		"seg_3" : 		{
			"name" : "B",
			"start_ms" : 142000,
			"end_ms" : 274000,
			"len_ms" : 132000,
			"col" : [ 0.235100358724594, 0.540837705135345, 0.714284777641296, 1 ],
			"parent" : "seg_0",
			"children" : [ "seg_18", "seg_19" ]
		}
,
		"seg_4" : 		{
			"name" : "C",
			"start_ms" : 274000,
			"end_ms" : 415998,
			"len_ms" : 141998,
			"col" : [ 0.235100358724594, 0.540837705135345, 0.714284777641296, 1 ],
			"parent" : "seg_0",
			"children" : [ "seg_26", "seg_27" ]
		}
,
		"seg_5" : 		{
			"name" : "D",
			"start_ms" : 415998,
			"end_ms" : 504996,
			"len_ms" : 88998,
			"col" : [ 0.235100358724594, 0.540837705135345, 0.714284777641296, 1 ],
			"parent" : "seg_0",
			"children" : [ "seg_32", "seg_33", "seg_34", "seg_35", "seg_36" ]
		}
,
		"seg_6" : 		{
			"name" : "E",
			"start_ms" : 504996,
			"end_ms" : 589000,
			"len_ms" : 84004,
			"col" : [ 0.235100358724594, 0.540837705135345, 0.714284777641296, 1 ],
			"parent" : "seg_0",
			"children" : [ "seg_37", "seg_38", "seg_39", "seg_40", "seg_41", "seg_42" ]
		}
,
		"seg_7" : 		{
			"name" : "F",
			"start_ms" : 589000,
			"end_ms" : 743996,
			"len_ms" : 154996,
			"col" : [ 0.235100358724594, 0.540837705135345, 0.714284777641296, 1 ],
			"parent" : "seg_0",
			"children" : [ "seg_43", "seg_44", "seg_45", "seg_46", "seg_47" ]
		}
,
		"seg_8" : 		{
			"name" : "A1",
			"start_ms" : 0,
			"end_ms" : 66004,
			"len_ms" : 66004,
			"col" : [ 0.202328383922577, 0.459426522254944, 0.604936480522156, 1 ],
			"parent" : "seg_2",
			"children" : [ "seg_11", "seg_12", "seg_13", "seg_14" ]
		}
,
		"seg_9" : 		{
			"name" : "A2",
			"start_ms" : 66004,
			"end_ms" : 85003,
			"len_ms" : 18999,
			"col" : [ 0.202328383922577, 0.459426522254944, 0.604936480522156, 1 ],
			"parent" : "seg_2",
			"children" : "null"
		}
,
		"seg_10" : 		{
			"name" : "A3",
			"start_ms" : 85003,
			"end_ms" : 142001,
			"len_ms" : 56998,
			"col" : [ 0.202328383922577, 0.459426522254944, 0.604936480522156, 1 ],
			"parent" : "seg_2",
			"children" : [ "seg_15", "seg_16", "seg_17" ]
		}
,
		"seg_11" : 		{
			"name" : "A1-1",
			"start_ms" : 0,
			"end_ms" : 19999,
			"len_ms" : 19999,
			"col" : [ 0.186625093221664, 0.420515030622482, 0.552704691886902, 1 ],
			"parent" : "seg_8",
			"children" : "null"
		}
,
		"seg_12" : 		{
			"name" : "A1-2",
			"start_ms" : 19999,
			"end_ms" : 31000,
			"len_ms" : 11001,
			"col" : [ 0.186625093221664, 0.420515030622482, 0.552704691886902, 1 ],
			"parent" : "seg_8",
			"children" : "null"
		}
,
		"seg_13" : 		{
			"name" : "A1-3",
			"start_ms" : 31000,
			"end_ms" : 53995,
			"len_ms" : 22995,
			"col" : [ 0.186625093221664, 0.420515030622482, 0.552704691886902, 1 ],
			"parent" : "seg_8",
			"children" : "null"
		}
,
		"seg_14" : 		{
			"name" : "A1-4",
			"start_ms" : 53995,
			"end_ms" : 65998,
			"len_ms" : 12003,
			"col" : [ 0.186625093221664, 0.420515030622482, 0.552704691886902, 1 ],
			"parent" : "seg_8",
			"children" : "null"
		}
,
		"seg_15" : 		{
			"name" : "A3-1",
			"start_ms" : 85003,
			"end_ms" : 97004,
			"len_ms" : 12001,
			"col" : [ 0.186625093221664, 0.420515030622482, 0.552704691886902, 1 ],
			"parent" : "seg_10",
			"children" : "null"
		}
,
		"seg_16" : 		{
			"name" : "A3-2",
			"start_ms" : 97004,
			"end_ms" : 116000,
			"len_ms" : 18996,
			"col" : [ 0.186625093221664, 0.420515030622482, 0.552704691886902, 1 ],
			"parent" : "seg_10",
			"children" : "null"
		}
,
		"seg_17" : 		{
			"name" : "A3-3",
			"start_ms" : 116000,
			"end_ms" : 141995,
			"len_ms" : 25995,
			"col" : [ 0.186625093221664, 0.420515030622482, 0.552704691886902, 1 ],
			"parent" : "seg_10",
			"children" : "null"
		}
,
		"seg_18" : 		{
			"name" : "B1",
			"start_ms" : 142000,
			"end_ms" : 203998,
			"len_ms" : 61998,
			"col" : [ 0.202328383922577, 0.459426522254944, 0.604936480522156, 1 ],
			"parent" : "seg_3",
			"children" : [ "seg_20", "seg_21" ]
		}
,
		"seg_19" : 		{
			"name" : "B2",
			"start_ms" : 203998,
			"end_ms" : 273997,
			"len_ms" : 69999,
			"col" : [ 0.202328383922577, 0.459426522254944, 0.604936480522156, 1 ],
			"parent" : "seg_3",
			"children" : [ "seg_22", "seg_23", "seg_24", "seg_25" ]
		}
,
		"seg_20" : 		{
			"name" : "B1-1",
			"start_ms" : 142000,
			"end_ms" : 172997,
			"len_ms" : 30997,
			"col" : [ 0.186625093221664, 0.420515030622482, 0.552704691886902, 1 ],
			"parent" : "seg_18",
			"children" : "null"
		}
,
		"seg_21" : 		{
			"name" : "B1-2",
			"start_ms" : 172997,
			"end_ms" : 203998,
			"len_ms" : 31001,
			"col" : [ 0.186625093221664, 0.420515030622482, 0.552704691886902, 1 ],
			"parent" : "seg_18",
			"children" : "null"
		}
,
		"seg_22" : 		{
			"name" : "B2-1",
			"start_ms" : 203998,
			"end_ms" : 212001,
			"len_ms" : 8003,
			"col" : [ 0.186625093221664, 0.420515030622482, 0.552704691886902, 1 ],
			"parent" : "seg_19",
			"children" : "null"
		}
,
		"seg_23" : 		{
			"name" : "B2-2",
			"start_ms" : 212001,
			"end_ms" : 237998,
			"len_ms" : 25997,
			"col" : [ 0.186625093221664, 0.420515030622482, 0.552704691886902, 1 ],
			"parent" : "seg_19",
			"children" : "null"
		}
,
		"seg_24" : 		{
			"name" : "B2-3",
			"start_ms" : 237998,
			"end_ms" : 255996,
			"len_ms" : 17998,
			"col" : [ 0.186625093221664, 0.420515030622482, 0.552704691886902, 1 ],
			"parent" : "seg_19",
			"children" : "null"
		}
,
		"seg_25" : 		{
			"name" : "B2-4",
			"start_ms" : 255996,
			"end_ms" : 274005,
			"len_ms" : 18009,
			"col" : [ 0.186625093221664, 0.420515030622482, 0.552704691886902, 1 ],
			"parent" : "seg_19",
			"children" : "null"
		}
,
		"seg_26" : 		{
			"name" : "C1",
			"start_ms" : 274000,
			"end_ms" : 326003,
			"len_ms" : 52003,
			"col" : [ 0.202328383922577, 0.459426522254944, 0.604936480522156, 1 ],
			"parent" : "seg_4",
			"children" : [ "seg_28", "seg_29" ]
		}
,
		"seg_27" : 		{
			"name" : "C2",
			"start_ms" : 326003,
			"end_ms" : 416005,
			"len_ms" : 90002,
			"col" : [ 0.202328383922577, 0.459426522254944, 0.604936480522156, 1 ],
			"parent" : "seg_4",
			"children" : [ "seg_30", "seg_31" ]
		}
,
		"seg_28" : 		{
			"name" : "C1-1",
			"start_ms" : 274000,
			"end_ms" : 316000,
			"len_ms" : 42000,
			"col" : [ 0.186625093221664, 0.420515030622482, 0.552704691886902, 1 ],
			"parent" : "seg_26",
			"children" : "null"
		}
,
		"seg_29" : 		{
			"name" : "C1-2",
			"start_ms" : 316000,
			"end_ms" : 325997,
			"len_ms" : 9997,
			"col" : [ 0.186625093221664, 0.420515030622482, 0.552704691886902, 1 ],
			"parent" : "seg_26",
			"children" : "null"
		}
,
		"seg_30" : 		{
			"name" : "C2-1",
			"start_ms" : 326003,
			"end_ms" : 353998,
			"len_ms" : 27995,
			"col" : [ 0.186625093221664, 0.420515030622482, 0.552704691886902, 1 ],
			"parent" : "seg_27",
			"children" : "null"
		}
,
		"seg_31" : 		{
			"name" : "C2-2",
			"start_ms" : 353998,
			"end_ms" : 415998,
			"len_ms" : 62000,
			"col" : [ 0.186625093221664, 0.420515030622482, 0.552704691886902, 1 ],
			"parent" : "seg_27",
			"children" : "null"
		}
,
		"seg_32" : 		{
			"name" : "D1",
			"start_ms" : 415998,
			"end_ms" : 437997,
			"len_ms" : 21999,
			"col" : [ 0.202328383922577, 0.459426522254944, 0.604936480522156, 1 ],
			"parent" : "seg_5",
			"children" : "null"
		}
,