{
    "1-1-1-1-settings-01-25_216STEREO.wav": {
        "numchans": 2,
        "sr": 44100,
        "category": 0,
        "bounds": [
            0,
            264032
        ],
        "coords": [
            4.855912208557129,
            2.2821319103240967
        ],
        "colour": "#dda5a5"
    },
    "1-1-1-1-settings-01-25_217STEREO.wav": {
        "numchans": 2,
        "sr": 44100,
        "category": 0,
        "bounds": [
            264032,
            528096
        ],
        "coords": [
            3.09948992729187,
            -0.26391205191612244
        ],
        "colour": "#dda5a5"
    },
    "1-1-1-1-settings-01-25_218STEREO.wav": {
        "numchans": 2,
        "sr": 44100,
        "category": 0,
        "bounds": [
            528096,
            792032
        ],
        "coords": [
            3.673997402191162,
            0.22110743820667267
        ],
        "colour": "#dda5a5"
    },
    "1-1-1-1-settings-01-25_219STEREO.wav": {
        "numchans": 2,
        "sr": 44100,
        "category": 0,
        "bounds": [
            792032,
            1056096
        ],
        "coords": [
            5.173376560211182,
            3.2614846229553223
        ],
        "colour": "#dda5a5"
    },
    "1-1-1-1-settings-01-25_220STEREO.wav": {
        "numchans": 2,
        "sr": 44100,
        "category": 0,
        "bounds": [
            1056096,
            1319904
        ],
        "coords": [
            5.286071300506592,
            3.4036648273468018
        ],
        "colour": "#dda5a5"
    },
    "1-1-1-1-settings-01-25_221STEREO.wav": {
        "numchans": 2,
        "sr": 44100,
        "category": 0,
        "bounds": [
            1319904,
            1584032
        ],
        "coords": [
            3.298316240310669,
            -0.1714925765991211
        ],
        "colour": "#dda5a5"
    },
    "1-1-1-1-settings-02-25_219STEREO.wav": {
        "numchans": 2,
        "sr": 44100,
        "category": 0,
        "bounds": [
            1584032,
            1847968
        ],
        "coords": [
            4.041024208068848,
            1.3526978492736816
        ],
        "colour": "#dd4b4b"
    },
    "1-1-1-1-settings-02-25_220STEREO.wav": {
        "numchans": 2,
        "sr": 44100,
        "category": 0,
        "bounds": [
            1847968,
            2112000
        ],
        "coords": [
            2.8768773078918457,
            -0.22020836174488068
        ],
        "colour": "#dd4b4b"
    },
    "1-1-1-1-settings-02-25_221STEREO.wav": {
        "numchans": 2,
        "sr": 44100,
        "category": 0,
        "bounds": [
            2112000,
            2376064
        ],
        "coords": [
            3.135518789291382,
            0.43797433376312256
        ],
        "colour": "#dd4b4b"
    },
    "1-1-1-1-settings-02-25_222STEREO.wav": {
        "numchans": 2,
        "sr": 44100,
        "category": 0,
        "bounds": [
            2376064,
            2639872
        ],
        "coords": [
            2.86600661277771,
            0.6308990716934204
        ],
        "colour": "#dd4b4b"
    },
    "1-1-1-1-settings-02-25_223STEREO.wav": {
        "numchans": 2,
        "sr": 44100,
        "category": 0,
        "bounds": [
            2639872,
            2903808
        ],
        "coords": [
            3.073082685470581,
            0.35213878750801086
        ],
        "colour": "#dd4b4b"
    },
    "1-1-1-1-settings-02-25_224STEREO.wav": {
        "numchans": 2,
        "sr": 44100,
        "category": 0,
        "bounds": [
            2903808,
            3167744
        ],
        "coords": [
            2.6636791229248047,
            -0.041191644966602325
        ],
        "colour": "#dd4b4b"
    },
    "2-1-settings-01--25_286STEREO.wav": {
        "numchans": 2,
        "sr": 44100,
        "category": 0,
        "bounds": [
            3167744,
            3365856
        ],
        "coords": [
            3.7575130462646484,
            -0.33504796028137207
        ],
        "colour": "#ddb195"
    },
    "2-1-settings-01--25_287STEREO.wav": {
        "numchans": 2,
        "sr": 44100,
        "category": 0,
        "bounds": [
            3365856,
            3563936
        ],
        "coords": [
            5.380943298339844,
            2.7498416900634766
        ],
        "colour": "#ddb195"
    },
    "2-1-settings-01--25_288STEREO.wav": {
        "numchans": 2,
        "sr": 44100,
        "category": 0,
        "bounds": [
            3563936,
            3761952
        ],
        "coords": [
            3.57570481300354,
            -0.4442192614078522
        ],
        "colour": "#ddb195"
    },
    "2-1-settings-01--25_289STEREO.wav": {
        "numchans": 2,
        "sr": 44100,
        "category": 0,
        "bounds": [
            3761952,
            3960096
        ],
        "coords": [
            3.613553524017334,
            -0.11537682265043259
        ],
        "colour": "#ddb195"
    },
    "2-1-settings-01--25_290STEREO.wav": {
        "numchans": 2,
        "sr": 44100,
        "category": 0,
        "bounds": [
            3960096,
            4158112
        ],
        "coords": [
            5.483882427215576,
            2.892188310623169
        ],
        "colour": "#ddb195"
    },
    "2-1-settings-01--25_291STEREO.wav": {
        "numchans": 2,
        "sr": 44100,
        "category": 0,
        "bounds": [
            4158112,
            4356256
        ],
        "coords": [
            5.884260654449463,
            2.583249092102051
        ],
        "colour": "#ddb195"
    },
    "2-1-settings-01--25_292STEREO.wav": {
        "numchans": 2,
        "sr": 44100,
        "category": 0,
        "bounds": [
            4356256,
            4554400
        ],
        "coords": [
            6.2637786865234375,
            2.8020083904266357
        ],
        "colour": "#ddb195"
    },
    "2-1-settings-01--25_293STEREO.wav": {
        "numchans": 2,
        "sr": 44100,
        "category": 0,
        "bounds": [
            4554400,
            4752320
        ],
        "coords": [
            5.921117782592773,
            2.892259359359741
        ],
        "colour": "#ddb195"
    },
    "2-1-settings-02--25_288STEREO.wav": {
        "numchans": 2,
        "sr": 44100,
        "category": 0,
        "bounds": [
            4752320,
            4950432
        ],
        "coords": [
            13.174846649169922,
            1.8694798946380615
        ],
        "colour": "#dd793b"
    },
    "2-1-settings-02--25_289STEREO.wav": {
        "numchans": 2,
        "sr": 44100,
        "category": 0,
        "bounds": [
            4950432,
            5148448
        ],
        "coords": [
            13.541482925415039,
            1.6367883682250977
        ],
        "colour": "#dd793b"
    },
    "2-1-settings-02--25_290STEREO.wav": {
        "numchans": 2,
        "sr": 44100,
        "category": 0,
        "bounds": [
            5148448,
            5346528
        ],
        "coords": [
            13.756308555603027,
            1.8167566061019897
        ],
        "colour": "#dd793b"
    },
    "2-1-settings-02--25_291STEREO.wav": {
        "numchans": 2,
        "sr": 44100,
        "category": 0,
        "bounds": [
            5346528,
            5544544
        ],
        "coords": [
            13.901638984680176,
            2.379162311553955
        ],
        "colour": "#dd793b"
    },
    "2-1-settings-02--25_292STEREO.wav": {
        "numchans": 2,
        "sr": 44100,
        "category": 0,
        "bounds": [
            5544544,
            5742688
        ],
        "coords": [
            11.987139701843262,
            2.9781527519226074
        ],
        "colour": "#dd793b"
    },
    "2-1-settings-02--25_293STEREO.wav": {
        "numchans": 2,
        "sr": 44100,
        "category": 0,
        "bounds": [
            5742688,
            5940800
        ],