{
    "1-1-1-1-settings-01-23_206STEREO.wav": {
        "numchans": 2,
        "sr": 44100,
        "category": 0,
        "bounds": [
            0,
            140288
        ],
        "coords": [
            -2.1187167167663574,
            -143.281982421875
        ],
        "colour": "#eeb2b2"
    },
    "1-1-1-1-settings-01-23_207STEREO.wav": {
        "numchans": 2,
        "sr": 44100,
        "category": 0,
        "bounds": [
            140288,
            404096
        ],
        "coords": [
            -64.84391021728516,
            24.380319595336914
        ],
        "colour": "#eeb2b2"
    },
    "1-1-1-1-settings-01-23_208STEREO.wav": {
        "numchans": 2,
        "sr": 44100,
        "category": 0,
        "bounds": [
            404096,
            668160
        ],
        "coords": [
            -39.500606536865234,
            16.482181549072266
        ],
        "colour": "#eeb2b2"
    },
    "1-1-1-1-settings-01-23_209STEREO.wav": {
        "numchans": 2,
        "sr": 44100,
        "category": 0,
        "bounds": [
            668160,
            932096
        ],
        "coords": [
            9.491612434387207,
            118.5067367553711
        ],
        "colour": "#eeb2b2"
    },
    "1-1-1-1-settings-01-23_210STEREO.wav": {
        "numchans": 2,
        "sr": 44100,
        "category": 0,
        "bounds": [
            932096,
            1196032
        ],
        "coords": [
            -3.4838807582855225,
            69.57958221435547
        ],
        "colour": "#eeb2b2"
    },
    "1-1-1-1-settings-02-23_209STEREO.wav": {
        "numchans": 2,
        "sr": 44100,
        "category": 0,
        "bounds": [
            1196032,
            1335776
        ],
        "coords": [
            76.1653823852539,
            101.51288604736328
        ],
        "colour": "#ee5151"
    },
    "1-1-1-1-settings-02-23_210STEREO.wav": {
        "numchans": 2,
        "sr": 44100,
        "category": 0,
        "bounds": [
            1335776,
            1599584
        ],
        "coords": [
            39.8324089050293,
            76.0071029663086
        ],
        "colour": "#ee5151"
    },
    "1-1-1-1-settings-02-23_211STEREO.wav": {
        "numchans": 2,
        "sr": 44100,
        "category": 0,
        "bounds": [
            1599584,
            1863616
        ],
        "coords": [
            -17.088096618652344,
            100.69059753417969
        ],
        "colour": "#ee5151"
    },
    "1-1-1-1-settings-02-23_212STEREO.wav": {
        "numchans": 2,
        "sr": 44100,
        "category": 0,
        "bounds": [
            1863616,
            2127552
        ],
        "coords": [
            5.124825477600098,
            90.97837829589844
        ],
        "colour": "#ee5151"
    },
    "1-1-1-1-settings-02-23_213STEREO.wav": {
        "numchans": 2,
        "sr": 44100,
        "category": 0,
        "bounds": [
            2127552,
            2391712
        ],
        "coords": [
            28.187728881835938,
            94.49241638183594
        ],
        "colour": "#ee5151"
    },
    "2-1-settings-01--23_272STEREO.wav": {
        "numchans": 2,
        "sr": 44100,
        "category": 0,
        "bounds": [
            2391712,
            2497184
        ],
        "coords": [
            56.716651916503906,
            30.298534393310547
        ],
        "colour": "#eebfa1"
    },
    "2-1-settings-01--23_273STEREO.wav": {
        "numchans": 2,
        "sr": 44100,
        "category": 0,
        "bounds": [
            2497184,
            2695328
        ],
        "coords": [
            -34.774654388427734,
            53.7947883605957
        ],
        "colour": "#eebfa1"
    },
    "2-1-settings-01--23_274STEREO.wav": {
        "numchans": 2,
        "sr": 44100,
        "category": 0,
        "bounds": [
            2695328,
            2893376
        ],
        "coords": [
            -10.075161933898926,
            -32.55245590209961
        ],
        "colour": "#eebfa1"
    },
    "2-1-settings-01--23_275STEREO.wav": {
        "numchans": 2,
        "sr": 44100,
        "category": 0,
        "bounds": [
            2893376,
            3091648
        ],
        "coords": [
            58.973419189453125,
            -86.14149475097656
        ],
        "colour": "#eebfa1"
    },
    "2-1-settings-01--23_276STEREO.wav": {
        "numchans": 2,
        "sr": 44100,
        "category": 0,
        "bounds": [
            3091648,
            3289984
        ],
        "coords": [
            -25.16301155090332,
            33.00519943237305
        ],
        "colour": "#eebfa1"
    },
    "2-1-settings-01--23_277STEREO.wav": {
        "numchans": 2,
        "sr": 44100,
        "category": 0,
        "bounds": [
            3289984,
            3488224
        ],
        "coords": [
            -23.665199279785156,
            74.12812805175781
        ],
        "colour": "#eebfa1"
    },
    "2-1-settings-01--23_278STEREO.wav": {
        "numchans": 2,
        "sr": 44100,
        "category": 0,
        "bounds": [
            3488224,
            3686336
        ],
        "coords": [
            93.14401245117188,
            72.33502197265625
        ],
        "colour": "#eebfa1"
    },
    "2-1-settings-02--23_274STEREO.wav": {
        "numchans": 2,
        "sr": 44100,
        "category": 0,
        "bounds": [
            3686336,
            3791616
        ],
        "coords": [
            -13.7891206741333,
            -94.42076873779297
        ],
        "colour": "#ee8240"
    },
    "2-1-settings-02--23_275STEREO.wav": {
        "numchans": 2,
        "sr": 44100,
        "category": 0,
        "bounds": [
            3791616,
            3989728
        ],
        "coords": [
            2.911702871322632,
            13.003108978271484
        ],
        "colour": "#ee8240"
    },
    "2-1-settings-02--23_276STEREO.wav": {
        "numchans": 2,
        "sr": 44100,
        "category": 0,
        "bounds": [
            3989728,
            4187776
        ],
        "coords": [
            -55.54609680175781,
            0.6843531131744385
        ],
        "colour": "#ee8240"
    },
    "2-1-settings-02--23_277STEREO.wav": {
        "numchans": 2,
        "sr": 44100,
        "category": 0,
        "bounds": [
            4187776,
            4385824
        ],
        "coords": [
            32.49443817138672,
            -47.236019134521484
        ],
        "colour": "#ee8240"
    },
    "2-1-settings-02--23_278STEREO.wav": {
        "numchans": 2,
        "sr": 44100,
        "category": 0,
        "bounds": [
            4385824,
            4584160
        ],
        "coords": [
            -32.559913635253906,
            -24.389312744140625
        ],
        "colour": "#ee8240"
    },
    "2-1-settings-02--23_279STEREO.wav": {
        "numchans": 2,
        "sr": 44100,
        "category": 0,
        "bounds": [
            4584160,
            4782176
        ],
        "coords": [
            2.8659114837646484,
            -109.72112274169922
        ],
        "colour": "#ee8240"
    },
    "2-1-settings-02--23_280STEREO.wav": {
        "numchans": 2,
        "sr": 44100,
        "category": 0,
        "bounds": [
            4782176,
            4980128
        ],
        "coords": [
            -46.158233642578125,
            74.08907318115234
        ],
        "colour": "#ee8240"
    },
    "full-rand-01-23_169STEREO.wav": {
        "numchans": 2,
        "sr": 44100,
        "category": 0,
        "bounds": [
            4980128,
            5156128
        ],
        "coords": [
            25.13943862915039,
            -104.33267211914062
        ],
        "colour": "#d2ee9a"
    },
    "full-rand-01-23_170STEREO.wav": {
        "numchans": 2,
        "sr": 44100,
        "category": 0,
        "bounds": [
            5156128,
            5486240
        ],