{
    "1-1-1-1-settings-01-1_1STEREO.wav": {
        "numchans": 2,
        "sr": 44100,
        "category": 0,
        "bounds": [
            0,
            147776
        ],
        "coords": [
            8.44482707977295,
            14.106636047363281
        ],
        "colour": "#ffbfbf"
    },
    "1-1-1-1-settings-01-1_2STEREO.wav": {
        "numchans": 2,
        "sr": 44100,
        "category": 0,
        "bounds": [
            147776,
            406080
        ],
        "coords": [
            7.8557329177856445,
            10.117136001586914
        ],
        "colour": "#ffbfbf"
    },
    "1-1-1-1-settings-01-1_3STEREO.wav": {
        "numchans": 2,
        "sr": 44100,
        "category": 0,
        "bounds": [
            406080,
            670400
        ],
        "coords": [
            6.908397674560547,
            8.133538246154785
        ],
        "colour": "#ffbfbf"
    },
    "1-1-1-1-settings-01-1_4STEREO.wav": {
        "numchans": 2,
        "sr": 44100,
        "category": 0,
        "bounds": [
            670400,
            934720
        ],
        "coords": [
            5.348348140716553,
            8.135594367980957
        ],
        "colour": "#ffbfbf"
    },
    "1-1-1-1-settings-01-1_5STEREO.wav": {
        "numchans": 2,
        "sr": 44100,
        "category": 0,
        "bounds": [
            934720,
            1199136
        ],
        "coords": [
            8.1245756149292,
            14.535794258117676
        ],
        "colour": "#ffbfbf"
    },
    "1-1-1-1-settings-02-1_1STEREO.wav": {
        "numchans": 2,
        "sr": 44100,
        "category": 0,
        "bounds": [
            1199136,
            1353408
        ],
        "coords": [
            8.74635124206543,
            13.764510154724121
        ],
        "colour": "#ff5757"
    },
    "1-1-1-1-settings-02-1_2STEREO.wav": {
        "numchans": 2,
        "sr": 44100,
        "category": 0,
        "bounds": [
            1353408,
            1617536
        ],
        "coords": [
            7.242834568023682,
            8.933509826660156
        ],
        "colour": "#ff5757"
    },
    "1-1-1-1-settings-02-1_3STEREO.wav": {
        "numchans": 2,
        "sr": 44100,
        "category": 0,
        "bounds": [
            1617536,
            1881792
        ],
        "coords": [
            7.488494873046875,
            9.754094123840332
        ],
        "colour": "#ff5757"
    },
    "1-1-1-1-settings-02-1_4STEREO.wav": {
        "numchans": 2,
        "sr": 44100,
        "category": 0,
        "bounds": [
            1881792,
            2146112
        ],
        "coords": [
            6.481500148773193,
            7.876527786254883
        ],
        "colour": "#ff5757"
    },
    "1-1-1-1-settings-02-1_5STEREO.wav": {
        "numchans": 2,
        "sr": 44100,
        "category": 0,
        "bounds": [
            2146112,
            2410368
        ],
        "coords": [
            8.667797088623047,
            11.962058067321777
        ],
        "colour": "#ff5757"
    },
    "2-1-settings-01--1_1STEREO.wav": {
        "numchans": 2,
        "sr": 44100,
        "category": 0,
        "bounds": [
            2410368,
            2564640
        ],
        "coords": [
            7.391381740570068,
            14.90040111541748
        ],
        "colour": "#ffcdad"
    },
    "2-1-settings-01--1_2STEREO.wav": {
        "numchans": 2,
        "sr": 44100,
        "category": 0,
        "bounds": [
            2564640,
            2762976
        ],
        "coords": [
            8.596391677856445,
            14.622100830078125
        ],
        "colour": "#ffcdad"
    },
    "2-1-settings-01--1_3STEREO.wav": {
        "numchans": 2,
        "sr": 44100,
        "category": 0,
        "bounds": [
            2762976,
            2961248
        ],
        "coords": [
            7.820750713348389,
            9.706713676452637
        ],
        "colour": "#ffcdad"
    },
    "2-1-settings-01--1_4STEREO.wav": {
        "numchans": 2,
        "sr": 44100,
        "category": 0,
        "bounds": [
            2961248,
            3159616
        ],
        "coords": [
            8.114319801330566,
            15.191079139709473
        ],
        "colour": "#ffcdad"
    },
    "2-1-settings-01--1_5STEREO.wav": {
        "numchans": 2,
        "sr": 44100,
        "category": 0,
        "bounds": [
            3159616,
            3357920
        ],
        "coords": [
            7.84297513961792,
            10.67670726776123
        ],
        "colour": "#ffcdad"
    },
    "2-1-settings-01--1_6STEREO.wav": {
        "numchans": 2,
        "sr": 44100,
        "category": 0,
        "bounds": [
            3357920,
            3556256
        ],
        "coords": [
            7.438998699188232,
            13.609065055847168
        ],
        "colour": "#ffcdad"
    },
    "2-1-settings-02--1_1STEREO.wav": {
        "numchans": 2,
        "sr": 44100,
        "category": 0,
        "bounds": [
            3556256,
            3710624
        ],
        "coords": [
            7.279428958892822,
            14.939949989318848
        ],
        "colour": "#ff8c45"
    },
    "2-1-settings-02--1_2STEREO.wav": {
        "numchans": 2,
        "sr": 44100,
        "category": 0,
        "bounds": [
            3710624,
            3908928
        ],
        "coords": [
            6.443978786468506,
            8.414925575256348
        ],
        "colour": "#ff8c45"
    },
    "2-1-settings-02--1_3STEREO.wav": {
        "numchans": 2,
        "sr": 44100,
        "category": 0,
        "bounds": [
            3908928,
            4107200
        ],
        "coords": [
            7.490603923797607,
            10.198500633239746
        ],
        "colour": "#ff8c45"
    },
    "2-1-settings-02--1_4STEREO.wav": {
        "numchans": 2,
        "sr": 44100,
        "category": 0,
        "bounds": [
            4107200,
            4305568
        ],
        "coords": [
            7.838373184204102,
            12.89109992980957
        ],
        "colour": "#ff8c45"
    },
    "2-1-settings-02--1_5STEREO.wav": {
        "numchans": 2,
        "sr": 44100,
        "category": 0,
        "bounds": [
            4305568,
            4503840
        ],
        "coords": [
            7.09269905090332,
            14.525397300720215
        ],
        "colour": "#ff8c45"
    },
    "2-1-settings-02--1_6STEREO.wav": {
        "numchans": 2,
        "sr": 44100,
        "category": 0,
        "bounds": [
            4503840,
            4702208
        ],
        "coords": [
            8.171905517578125,
            14.01434326171875
        ],
        "colour": "#ff8c45"
    },
    "full-rand-01-1_1STEREO.wav": {
        "numchans": 2,
        "sr": 44100,
        "category": 0,
        "bounds": [
            4702208,
            4856576
        ],
        "coords": [
            8.327759742736816,
            13.488077163696289
        ],
        "colour": "#e1ffa6"
    },
    "full-rand-01-1_2STEREO.wav": {
        "numchans": 2,
        "sr": 44100,
        "category": 0,
        "bounds": [
            4856576,
            5187072
        ],
        "coords": [
            7.906955718994141,
            13.511126518249512
        ],
        "colour": "#e1ffa6"
    },
    "full-rand-01-1_3STEREO.wav": {
        "numchans": 2,
        "sr": 44100,
        "category": 0,
        "bounds": [
            5187072,
            5516544
        ],
        "coords": [
            8.135283470153809,
            13.945773124694824
        ],
        "colour": "#e1ffa6"
    },
    "full-rand-01-1_4STEREO.wav": {
        "numchans": 2,
        "sr": 44100,
        "category": 0,
        "bounds": [
            5516544,
            5846144
        ],
        "coords": [
            5.7709197998046875,
            8.183304786682129
        ],
        "colour": "#e1ffa6"
    },