{
    "1-1-1-1-settings-01-1_1STEREO.wav": {
        "numchans": 2,
        "sr": 44100,
        "category": 0,
        "bounds": [
            0,
            147776
        ],
        "coords": [
            1.5761680603027344,
            5.564353942871094
        ],
        "colour": "#ffbfbf"
    },
    "1-1-1-1-settings-01-1_2STEREO.wav": {
        "numchans": 2,
        "sr": 44100,
        "category": 0,
        "bounds": [
            147776,
            406080
        ],
        "coords": [
            1.6608095169067383,
            4.189987659454346
        ],
        "colour": "#ffbfbf"
    },
    "1-1-1-1-settings-01-1_3STEREO.wav": {
        "numchans": 2,
        "sr": 44100,
        "category": 0,
        "bounds": [
            406080,
            670400
        ],
        "coords": [
            1.2991464138031006,
            3.6576826572418213
        ],
        "colour": "#ffbfbf"
    },
    "1-1-1-1-settings-01-1_4STEREO.wav": {
        "numchans": 2,
        "sr": 44100,
        "category": 0,
        "bounds": [
            670400,
            934720
        ],
        "coords": [
            2.184326410293579,
            6.541749954223633
        ],
        "colour": "#ffbfbf"
    },
    "1-1-1-1-settings-01-1_5STEREO.wav": {
        "numchans": 2,
        "sr": 44100,
        "category": 0,
        "bounds": [
            934720,
            1199136
        ],
        "coords": [
            2.7207627296447754,
            6.586036682128906
        ],
        "colour": "#ffbfbf"
    },
    "1-1-1-1-settings-02-1_1STEREO.wav": {
        "numchans": 2,
        "sr": 44100,
        "category": 0,
        "bounds": [
            1199136,
            1353408
        ],
        "coords": [
            1.0030289888381958,
            3.71256422996521
        ],
        "colour": "#ff5757"
    },
    "1-1-1-1-settings-02-1_2STEREO.wav": {
        "numchans": 2,
        "sr": 44100,
        "category": 0,
        "bounds": [
            1353408,
            1617536
        ],
        "coords": [
            2.1228063106536865,
            9.345706939697266
        ],
        "colour": "#ff5757"
    },
    "1-1-1-1-settings-02-1_3STEREO.wav": {
        "numchans": 2,
        "sr": 44100,
        "category": 0,
        "bounds": [
            1617536,
            1881792
        ],
        "coords": [
            3.084689140319824,
            6.88672399520874
        ],
        "colour": "#ff5757"
    },
    "1-1-1-1-settings-02-1_4STEREO.wav": {
        "numchans": 2,
        "sr": 44100,
        "category": 0,
        "bounds": [
            1881792,
            2146112
        ],
        "coords": [
            1.9916512966156006,
            9.676189422607422
        ],
        "colour": "#ff5757"
    },
    "1-1-1-1-settings-02-1_5STEREO.wav": {
        "numchans": 2,
        "sr": 44100,
        "category": 0,
        "bounds": [
            2146112,
            2410368
        ],
        "coords": [
            2.247239589691162,
            5.485174655914307
        ],
        "colour": "#ff5757"
    },
    "2-1-settings-01--1_1STEREO.wav": {
        "numchans": 2,
        "sr": 44100,
        "category": 0,
        "bounds": [
            2410368,
            2564640
        ],
        "coords": [
            2.4281702041625977,
            9.607876777648926
        ],
        "colour": "#ffcdad"
    },
    "2-1-settings-01--1_2STEREO.wav": {
        "numchans": 2,
        "sr": 44100,
        "category": 0,
        "bounds": [
            2564640,
            2762976
        ],
        "coords": [
            1.0907745361328125,
            5.8132405281066895
        ],
        "colour": "#ffcdad"
    },
    "2-1-settings-01--1_3STEREO.wav": {
        "numchans": 2,
        "sr": 44100,
        "category": 0,
        "bounds": [
            2762976,
            2961248
        ],
        "coords": [
            2.2666449546813965,
            8.873679161071777
        ],
        "colour": "#ffcdad"
    },
    "2-1-settings-01--1_4STEREO.wav": {
        "numchans": 2,
        "sr": 44100,
        "category": 0,
        "bounds": [
            2961248,
            3159616
        ],
        "coords": [
            1.160731315612793,
            5.586902141571045
        ],
        "colour": "#ffcdad"
    },
    "2-1-settings-01--1_5STEREO.wav": {
        "numchans": 2,
        "sr": 44100,
        "category": 0,
        "bounds": [
            3159616,
            3357920
        ],
        "coords": [
            2.783883810043335,
            7.7093939781188965
        ],
        "colour": "#ffcdad"
    },
    "2-1-settings-01--1_6STEREO.wav": {
        "numchans": 2,
        "sr": 44100,
        "category": 0,
        "bounds": [
            3357920,
            3556256
        ],
        "coords": [
            2.617041826248169,
            4.579794883728027
        ],
        "colour": "#ffcdad"
    },
    "2-1-settings-02--1_1STEREO.wav": {
        "numchans": 2,
        "sr": 44100,
        "category": 0,
        "bounds": [
            3556256,
            3710624
        ],
        "coords": [
            3.3056936264038086,
            9.58871841430664
        ],
        "colour": "#ff8c45"
    },
    "2-1-settings-02--1_2STEREO.wav": {
        "numchans": 2,
        "sr": 44100,
        "category": 0,
        "bounds": [
            3710624,
            3908928
        ],
        "coords": [
            3.049769163131714,
            9.700514793395996
        ],
        "colour": "#ff8c45"
    },
    "2-1-settings-02--1_3STEREO.wav": {
        "numchans": 2,
        "sr": 44100,
        "category": 0,
        "bounds": [
            3908928,
            4107200
        ],
        "coords": [
            1.6189801692962646,
            6.820472240447998
        ],
        "colour": "#ff8c45"
    },
    "2-1-settings-02--1_4STEREO.wav": {
        "numchans": 2,
        "sr": 44100,
        "category": 0,
        "bounds": [
            4107200,
            4305568
        ],
        "coords": [
            2.675240993499756,
            4.091508865356445
        ],
        "colour": "#ff8c45"
    },
    "2-1-settings-02--1_5STEREO.wav": {
        "numchans": 2,
        "sr": 44100,
        "category": 0,
        "bounds": [
            4305568,
            4503840
        ],
        "coords": [
            2.4344089031219482,
            9.999403953552246
        ],
        "colour": "#ff8c45"
    },
    "2-1-settings-02--1_6STEREO.wav": {
        "numchans": 2,
        "sr": 44100,
        "category": 0,
        "bounds": [
            4503840,
            4702208
        ],
        "coords": [
            1.1182061433792114,
            4.994482040405273
        ],
        "colour": "#ff8c45"
    },
    "full-rand-01-1_1STEREO.wav": {
        "numchans": 2,
        "sr": 44100,
        "category": 0,
        "bounds": [
            4702208,
            4856576
        ],
        "coords": [
            1.579517126083374,
            3.594506025314331
        ],
        "colour": "#e1ffa6"
    },
    "full-rand-01-1_2STEREO.wav": {
        "numchans": 2,
        "sr": 44100,
        "category": 0,
        "bounds": [
            4856576,
            5187072
        ],
        "coords": [
            2.8671200275421143,
            4.682608604431152
        ],
        "colour": "#e1ffa6"
    },
    "full-rand-01-1_3STEREO.wav": {
        "numchans": 2,
        "sr": 44100,
        "category": 0,
        "bounds": [
            5187072,
            5516544
        ],
        "coords": [
            1.1826105117797852,
            3.785277843475342
        ],
        "colour": "#e1ffa6"
    },
    "full-rand-01-1_4STEREO.wav": {
        "numchans": 2,
        "sr": 44100,
        "category": 0,
        "bounds": [
            5516544,
            5846144
        ],
        "coords": [
            1.9917089939117432,
            6.9542059898376465
        ],
        "colour": "#e1ffa6"
    },