{
    "1-1-1-1-settings-01-25_216STEREO.wav": {
        "numchans": 2,
        "sr": 44100,
        "category": 0,
        "bounds": [
            0,
            264032
        ],
        "coords": [
            2.9415347576141357,
            4.403564453125
        ],
        "colour": "#dda5a5"
    },
    "1-1-1-1-settings-01-25_217STEREO.wav": {
        "numchans": 2,
        "sr": 44100,
        "category": 0,
        "bounds": [
            264032,
            528096
        ],
        "coords": [
            -8.311322212219238,
            8.992697715759277
        ],
        "colour": "#dda5a5"
    },
    "1-1-1-1-settings-01-25_218STEREO.wav": {
        "numchans": 2,
        "sr": 44100,
        "category": 0,
        "bounds": [
            528096,
            792032
        ],
        "coords": [
            3.716331720352173,
            3.8267340660095215
        ],
        "colour": "#dda5a5"
    },
    "1-1-1-1-settings-01-25_219STEREO.wav": {
        "numchans": 2,
        "sr": 44100,
        "category": 0,
        "bounds": [
            792032,
            1056096
        ],
        "coords": [
            3.4045205116271973,
            4.395383358001709
        ],
        "colour": "#dda5a5"
    },
    "1-1-1-1-settings-01-25_220STEREO.wav": {
        "numchans": 2,
        "sr": 44100,
        "category": 0,
        "bounds": [
            1056096,
            1319904
        ],
        "coords": [
            -6.497525215148926,
            8.010764122009277
        ],
        "colour": "#dda5a5"
    },
    "1-1-1-1-settings-01-25_221STEREO.wav": {
        "numchans": 2,
        "sr": 44100,
        "category": 0,
        "bounds": [
            1319904,
            1584032
        ],
        "coords": [
            -7.341349124908447,
            7.540934085845947
        ],
        "colour": "#dda5a5"
    },
    "1-1-1-1-settings-02-25_219STEREO.wav": {
        "numchans": 2,
        "sr": 44100,
        "category": 0,
        "bounds": [
            1584032,
            1847968
        ],
        "coords": [
            5.540054798126221,
            1.9052866697311401
        ],
        "colour": "#dd4b4b"
    },
    "1-1-1-1-settings-02-25_220STEREO.wav": {
        "numchans": 2,
        "sr": 44100,
        "category": 0,
        "bounds": [
            1847968,
            2112000
        ],
        "coords": [
            5.11857271194458,
            2.029103994369507
        ],
        "colour": "#dd4b4b"
    },
    "1-1-1-1-settings-02-25_221STEREO.wav": {
        "numchans": 2,
        "sr": 44100,
        "category": 0,
        "bounds": [
            2112000,
            2376064
        ],
        "coords": [
            5.22511100769043,
            2.381532907485962
        ],
        "colour": "#dd4b4b"
    },
    "1-1-1-1-settings-02-25_222STEREO.wav": {
        "numchans": 2,
        "sr": 44100,
        "category": 0,
        "bounds": [
            2376064,
            2639872
        ],
        "coords": [
            4.490701675415039,
            2.920435905456543
        ],
        "colour": "#dd4b4b"
    },
    "1-1-1-1-settings-02-25_223STEREO.wav": {
        "numchans": 2,
        "sr": 44100,
        "category": 0,
        "bounds": [
            2639872,
            2903808
        ],
        "coords": [
            5.447305679321289,
            2.21575665473938
        ],
        "colour": "#dd4b4b"
    },
    "1-1-1-1-settings-02-25_224STEREO.wav": {
        "numchans": 2,
        "sr": 44100,
        "category": 0,
        "bounds": [
            2903808,
            3167744
        ],
        "coords": [
            5.482165813446045,
            2.141315460205078
        ],
        "colour": "#dd4b4b"
    },
    "2-1-settings-01--25_286STEREO.wav": {
        "numchans": 2,
        "sr": 44100,
        "category": 0,
        "bounds": [
            3167744,
            3365856
        ],
        "coords": [
            4.417845726013184,
            2.520615577697754
        ],
        "colour": "#ddb195"
    },
    "2-1-settings-01--25_287STEREO.wav": {
        "numchans": 2,
        "sr": 44100,
        "category": 0,
        "bounds": [
            3365856,
            3563936
        ],
        "coords": [
            3.8382296562194824,
            3.1083829402923584
        ],
        "colour": "#ddb195"
    },
    "2-1-settings-01--25_288STEREO.wav": {
        "numchans": 2,
        "sr": 44100,
        "category": 0,
        "bounds": [
            3563936,
            3761952
        ],
        "coords": [
            4.887214183807373,
            2.161322593688965
        ],
        "colour": "#ddb195"
    },
    "2-1-settings-01--25_289STEREO.wav": {
        "numchans": 2,
        "sr": 44100,
        "category": 0,
        "bounds": [
            3761952,
            3960096
        ],
        "coords": [
            4.810217380523682,
            1.9926499128341675
        ],
        "colour": "#ddb195"
    },
    "2-1-settings-01--25_290STEREO.wav": {
        "numchans": 2,
        "sr": 44100,
        "category": 0,
        "bounds": [
            3960096,
            4158112
        ],
        "coords": [
            4.3178839683532715,
            3.380155086517334
        ],
        "colour": "#ddb195"
    },
    "2-1-settings-01--25_291STEREO.wav": {
        "numchans": 2,
        "sr": 44100,
        "category": 0,
        "bounds": [
            4158112,
            4356256
        ],
        "coords": [
            5.134897232055664,
            3.2902402877807617
        ],
        "colour": "#ddb195"
    },
    "2-1-settings-01--25_292STEREO.wav": {
        "numchans": 2,
        "sr": 44100,
        "category": 0,
        "bounds": [
            4356256,
            4554400
        ],
        "coords": [
            3.6422905921936035,
            3.7726879119873047
        ],
        "colour": "#ddb195"
    },
    "2-1-settings-01--25_293STEREO.wav": {
        "numchans": 2,
        "sr": 44100,
        "category": 0,
        "bounds": [
            4554400,
            4752320
        ],
        "coords": [
            5.25866174697876,
            3.0687477588653564
        ],
        "colour": "#ddb195"
    },
    "2-1-settings-02--25_288STEREO.wav": {
        "numchans": 2,
        "sr": 44100,
        "category": 0,
        "bounds": [
            4752320,
            4950432
        ],
        "coords": [
            1.469914436340332,
            3.8745460510253906
        ],
        "colour": "#dd793b"
    },
    "2-1-settings-02--25_289STEREO.wav": {
        "numchans": 2,
        "sr": 44100,
        "category": 0,
        "bounds": [
            4950432,
            5148448
        ],
        "coords": [
            -6.9993510246276855,
            6.929481029510498
        ],
        "colour": "#dd793b"
    },
    "2-1-settings-02--25_290STEREO.wav": {
        "numchans": 2,
        "sr": 44100,
        "category": 0,
        "bounds": [
            5148448,
            5346528
        ],
        "coords": [
            -7.97322416305542,
            8.658491134643555
        ],
        "colour": "#dd793b"
    },
    "2-1-settings-02--25_291STEREO.wav": {
        "numchans": 2,
        "sr": 44100,
        "category": 0,
        "bounds": [
            5346528,
            5544544
        ],
        "coords": [
            -7.940073490142822,
            8.634471893310547
        ],
        "colour": "#dd793b"
    },
    "2-1-settings-02--25_292STEREO.wav": {
        "numchans": 2,
        "sr": 44100,
        "category": 0,
        "bounds": [
            5544544,
            5742688
        ],
        "coords": [
            -8.078573226928711,
            8.755837440490723
        ],
        "colour": "#dd793b"
    },
    "2-1-settings-02--25_293STEREO.wav": {
        "numchans": 2,
        "sr": 44100,
        "category": 0,
        "bounds": [
            5742688,
            5940800
        ],