{
    "1-1-1-1-settings-01-2_10STEREO.wav": {
        "numchans": 2,
        "sr": 44100,
        "category": 0,
        "bounds": [
            0,
            264256
        ],
        "coords": [
            -2.706056594848633,
            5.394128322601318
        ],
        "colour": "#f6b8b8"
    },
    "1-1-1-1-settings-01-2_6STEREO.wav": {
        "numchans": 2,
        "sr": 44100,
        "category": 0,
        "bounds": [
            264256,
            528512
        ],
        "coords": [
            -2.2995529174804688,
            5.278725624084473
        ],
        "colour": "#f6b8b8"
    },
    "1-1-1-1-settings-01-2_7STEREO.wav": {
        "numchans": 2,
        "sr": 44100,
        "category": 0,
        "bounds": [
            528512,
            792992
        ],
        "coords": [
            0.6776049733161926,
            3.875399589538574
        ],
        "colour": "#f6b8b8"
    },
    "1-1-1-1-settings-01-2_8STEREO.wav": {
        "numchans": 2,
        "sr": 44100,
        "category": 0,
        "bounds": [
            792992,
            1057344
        ],
        "coords": [
            0.23104949295520782,
            3.876182794570923
        ],
        "colour": "#f6b8b8"
    },
    "1-1-1-1-settings-01-2_9STEREO.wav": {
        "numchans": 2,
        "sr": 44100,
        "category": 0,
        "bounds": [
            1057344,
            1321696
        ],
        "coords": [
            -1.6561938524246216,
            5.334697246551514
        ],
        "colour": "#f6b8b8"
    },
    "1-1-1-1-settings-02-2_10STEREO.wav": {
        "numchans": 2,
        "sr": 44100,
        "category": 0,
        "bounds": [
            1321696,
            1585952
        ],
        "coords": [
            -0.88993901014328,
            2.597440719604492
        ],
        "colour": "#f65454"
    },
    "1-1-1-1-settings-02-2_6STEREO.wav": {
        "numchans": 2,
        "sr": 44100,
        "category": 0,
        "bounds": [
            1585952,
            1850176
        ],
        "coords": [
            -0.4168635904788971,
            2.7918665409088135
        ],
        "colour": "#f65454"
    },
    "1-1-1-1-settings-02-2_7STEREO.wav": {
        "numchans": 2,
        "sr": 44100,
        "category": 0,
        "bounds": [
            1850176,
            2114432
        ],
        "coords": [
            -3.0663623809814453,
            5.600456237792969
        ],
        "colour": "#f65454"
    },
    "1-1-1-1-settings-02-2_8STEREO.wav": {
        "numchans": 2,
        "sr": 44100,
        "category": 0,
        "bounds": [
            2114432,
            2378720
        ],
        "coords": [
            -2.938826084136963,
            6.3871965408325195
        ],
        "colour": "#f65454"
    },
    "1-1-1-1-settings-02-2_9STEREO.wav": {
        "numchans": 2,
        "sr": 44100,
        "category": 0,
        "bounds": [
            2378720,
            2643040
        ],
        "coords": [
            -1.9962024688720703,
            5.505010604858398
        ],
        "colour": "#f65454"
    },
    "2-1-settings-01--2_10STEREO.wav": {
        "numchans": 2,
        "sr": 44100,
        "category": 0,
        "bounds": [
            2643040,
            2841376
        ],
        "coords": [
            0.317683607339859,
            1.9717092514038086
        ],
        "colour": "#f6c6a7"
    },
    "2-1-settings-01--2_11STEREO.wav": {
        "numchans": 2,
        "sr": 44100,
        "category": 0,
        "bounds": [
            2841376,
            3039680
        ],
        "coords": [
            0.2573135495185852,
            0.9772768616676331
        ],
        "colour": "#f6c6a7"
    },
    "2-1-settings-01--2_12STEREO.wav": {
        "numchans": 2,
        "sr": 44100,
        "category": 0,
        "bounds": [
            3039680,
            3238080
        ],
        "coords": [
            -0.3584620952606201,
            1.239367127418518
        ],
        "colour": "#f6c6a7"
    },
    "2-1-settings-01--2_13STEREO.wav": {
        "numchans": 2,
        "sr": 44100,
        "category": 0,
        "bounds": [
            3238080,
            3436352
        ],
        "coords": [
            0.5921638011932373,
            4.698831081390381
        ],
        "colour": "#f6c6a7"
    },
    "2-1-settings-01--2_7STEREO.wav": {
        "numchans": 2,
        "sr": 44100,
        "category": 0,
        "bounds": [
            3436352,
            3634752
        ],
        "coords": [
            -0.17312106490135193,
            1.4671815633773804
        ],
        "colour": "#f6c6a7"
    },
    "2-1-settings-01--2_8STEREO.wav": {
        "numchans": 2,
        "sr": 44100,
        "category": 0,
        "bounds": [
            3634752,
            3833024
        ],
        "coords": [
            -0.11109352111816406,
            1.7722041606903076
        ],
        "colour": "#f6c6a7"
    },
    "2-1-settings-01--2_9STEREO.wav": {
        "numchans": 2,
        "sr": 44100,
        "category": 0,
        "bounds": [
            3833024,
            4031392
        ],
        "coords": [
            -0.07617343217134476,
            5.27772331237793
        ],
        "colour": "#f6c6a7"
    },
    "2-1-settings-02--2_10STEREO.wav": {
        "numchans": 2,
        "sr": 44100,
        "category": 0,
        "bounds": [
            4031392,
            4229664
        ],
        "coords": [
            -3.0901389122009277,
            5.063079357147217
        ],
        "colour": "#f68742"
    },
    "2-1-settings-02--2_11STEREO.wav": {
        "numchans": 2,
        "sr": 44100,
        "category": 0,
        "bounds": [
            4229664,
            4428000
        ],
        "coords": [
            0.9009210467338562,
            2.421933650970459
        ],
        "colour": "#f68742"
    },
    "2-1-settings-02--2_12STEREO.wav": {
        "numchans": 2,
        "sr": 44100,
        "category": 0,
        "bounds": [
            4428000,
            4626336
        ],
        "coords": [
            0.711650550365448,
            2.023742437362671
        ],
        "colour": "#f68742"
    },
    "2-1-settings-02--2_13STEREO.wav": {
        "numchans": 2,
        "sr": 44100,
        "category": 0,
        "bounds": [
            4626336,
            4824608
        ],
        "coords": [
            -0.2079738825559616,
            4.617658615112305
        ],
        "colour": "#f68742"
    },
    "2-1-settings-02--2_7STEREO.wav": {
        "numchans": 2,
        "sr": 44100,
        "category": 0,
        "bounds": [
            4824608,
            5022912
        ],
        "coords": [
            -0.036552105098962784,
            4.731510162353516
        ],
        "colour": "#f68742"
    },
    "2-1-settings-02--2_8STEREO.wav": {
        "numchans": 2,
        "sr": 44100,
        "category": 0,
        "bounds": [
            5022912,
            5221184
        ],
        "coords": [
            0.3328554332256317,
            4.90321159362793
        ],
        "colour": "#f68742"
    },
    "2-1-settings-02--2_9STEREO.wav": {
        "numchans": 2,
        "sr": 44100,
        "category": 0,
        "bounds": [
            5221184,
            5419584
        ],
        "coords": [
            -0.2573552429676056,
            1.869928240776062
        ],
        "colour": "#f68742"
    },
    "full-rand-01-2_5STEREO.wav": {
        "numchans": 2,
        "sr": 44100,
        "category": 0,
        "bounds": [
            5419584,
            5749184
        ],
        "coords": [
            -2.7601802349090576,
            6.480582237243652
        ],
        "colour": "#d9f6a0"
    },
    "full-rand-01-2_6STEREO.wav": {
        "numchans": 2,
        "sr": 44100,
        "category": 0,
        "bounds": [
            5749184,
            6079520
        ],
        "coords": [
            0.33260053396224976,
            4.43452787399292
        ],