{
    "1-1-1-1-settings-01-25_216STEREO.wav": {
        "numchans": 2,
        "sr": 44100,
        "category": 0,
        "bounds": [
            0,
            264032
        ],
        "coords": [
            -5.498296737670898,
            -11.12447738647461
        ],
        "colour": "#dda5a5"
    },
    "1-1-1-1-settings-01-25_217STEREO.wav": {
        "numchans": 2,
        "sr": 44100,
        "category": 0,
        "bounds": [
            264032,
            528096
        ],
        "coords": [
            -21.600006103515625,
            -4.329144477844238
        ],
        "colour": "#dda5a5"
    },
    "1-1-1-1-settings-01-25_218STEREO.wav": {
        "numchans": 2,
        "sr": 44100,
        "category": 0,
        "bounds": [
            528096,
            792032
        ],
        "coords": [
            -25.25576400756836,
            -2.642472743988037
        ],
        "colour": "#dda5a5"
    },
    "1-1-1-1-settings-01-25_219STEREO.wav": {
        "numchans": 2,
        "sr": 44100,
        "category": 0,
        "bounds": [
            792032,
            1056096
        ],
        "coords": [
            -9.809545516967773,
            2.0366580486297607
        ],
        "colour": "#dda5a5"
    },
    "1-1-1-1-settings-01-25_220STEREO.wav": {
        "numchans": 2,
        "sr": 44100,
        "category": 0,
        "bounds": [
            1056096,
            1319904
        ],
        "coords": [
            -12.567984580993652,
            -0.0364224798977375
        ],
        "colour": "#dda5a5"
    },
    "1-1-1-1-settings-01-25_221STEREO.wav": {
        "numchans": 2,
        "sr": 44100,
        "category": 0,
        "bounds": [
            1319904,
            1584032
        ],
        "coords": [
            -24.799049377441406,
            -6.767500877380371
        ],
        "colour": "#dda5a5"
    },
    "1-1-1-1-settings-02-25_219STEREO.wav": {
        "numchans": 2,
        "sr": 44100,
        "category": 0,
        "bounds": [
            1584032,
            1847968
        ],
        "coords": [
            -12.62433910369873,
            -11.593035697937012
        ],
        "colour": "#dd4b4b"
    },
    "1-1-1-1-settings-02-25_220STEREO.wav": {
        "numchans": 2,
        "sr": 44100,
        "category": 0,
        "bounds": [
            1847968,
            2112000
        ],
        "coords": [
            -16.6942081451416,
            -17.950834274291992
        ],
        "colour": "#dd4b4b"
    },
    "1-1-1-1-settings-02-25_221STEREO.wav": {
        "numchans": 2,
        "sr": 44100,
        "category": 0,
        "bounds": [
            2112000,
            2376064
        ],
        "coords": [
            -18.410106658935547,
            -7.815280914306641
        ],
        "colour": "#dd4b4b"
    },
    "1-1-1-1-settings-02-25_222STEREO.wav": {
        "numchans": 2,
        "sr": 44100,
        "category": 0,
        "bounds": [
            2376064,
            2639872
        ],
        "coords": [
            -21.394201278686523,
            -10.022247314453125
        ],
        "colour": "#dd4b4b"
    },
    "1-1-1-1-settings-02-25_223STEREO.wav": {
        "numchans": 2,
        "sr": 44100,
        "category": 0,
        "bounds": [
            2639872,
            2903808
        ],
        "coords": [
            -24.53327751159668,
            -11.98721694946289
        ],
        "colour": "#dd4b4b"
    },
    "1-1-1-1-settings-02-25_224STEREO.wav": {
        "numchans": 2,
        "sr": 44100,
        "category": 0,
        "bounds": [
            2903808,
            3167744
        ],
        "coords": [
            -20.55948829650879,
            -17.179153442382812
        ],
        "colour": "#dd4b4b"
    },
    "2-1-settings-01--25_286STEREO.wav": {
        "numchans": 2,
        "sr": 44100,
        "category": 0,
        "bounds": [
            3167744,
            3365856
        ],
        "coords": [
            -5.205708026885986,
            -23.003812789916992
        ],
        "colour": "#ddb195"
    },
    "2-1-settings-01--25_287STEREO.wav": {
        "numchans": 2,
        "sr": 44100,
        "category": 0,
        "bounds": [
            3365856,
            3563936
        ],
        "coords": [
            -2.644352912902832,
            0.2250504195690155
        ],
        "colour": "#ddb195"
    },
    "2-1-settings-01--25_288STEREO.wav": {
        "numchans": 2,
        "sr": 44100,
        "category": 0,
        "bounds": [
            3563936,
            3761952
        ],
        "coords": [
            -8.330875396728516,
            -24.05590057373047
        ],
        "colour": "#ddb195"
    },
    "2-1-settings-01--25_289STEREO.wav": {
        "numchans": 2,
        "sr": 44100,
        "category": 0,
        "bounds": [
            3761952,
            3960096
        ],
        "coords": [
            -6.478248596191406,
            -25.98477554321289
        ],
        "colour": "#ddb195"
    },
    "2-1-settings-01--25_290STEREO.wav": {
        "numchans": 2,
        "sr": 44100,
        "category": 0,
        "bounds": [
            3960096,
            4158112
        ],
        "coords": [
            -3.5581202507019043,
            -7.31033992767334
        ],
        "colour": "#ddb195"
    },
    "2-1-settings-01--25_291STEREO.wav": {
        "numchans": 2,
        "sr": 44100,
        "category": 0,
        "bounds": [
            4158112,
            4356256
        ],
        "coords": [
            -0.34883546829223633,
            -5.759067535400391
        ],
        "colour": "#ddb195"
    },
    "2-1-settings-01--25_292STEREO.wav": {
        "numchans": 2,
        "sr": 44100,
        "category": 0,
        "bounds": [
            4356256,
            4554400
        ],
        "coords": [
            -0.767025351524353,
            -9.541112899780273
        ],
        "colour": "#ddb195"
    },
    "2-1-settings-01--25_293STEREO.wav": {
        "numchans": 2,
        "sr": 44100,
        "category": 0,
        "bounds": [
            4554400,
            4752320
        ],
        "coords": [
            -2.5408706665039062,
            -3.439079999923706
        ],
        "colour": "#ddb195"
    },
    "2-1-settings-02--25_288STEREO.wav": {
        "numchans": 2,
        "sr": 44100,
        "category": 0,
        "bounds": [
            4752320,
            4950432
        ],
        "coords": [
            21.88851547241211,
            -3.6419808864593506
        ],
        "colour": "#dd793b"
    },
    "2-1-settings-02--25_289STEREO.wav": {
        "numchans": 2,
        "sr": 44100,
        "category": 0,
        "bounds": [
            4950432,
            5148448
        ],
        "coords": [
            19.00576400756836,
            -8.518792152404785
        ],
        "colour": "#dd793b"
    },
    "2-1-settings-02--25_290STEREO.wav": {
        "numchans": 2,
        "sr": 44100,
        "category": 0,
        "bounds": [
            5148448,
            5346528
        ],
        "coords": [
            16.129947662353516,
            -12.910823822021484
        ],
        "colour": "#dd793b"
    },
    "2-1-settings-02--25_291STEREO.wav": {
        "numchans": 2,
        "sr": 44100,
        "category": 0,
        "bounds": [
            5346528,
            5544544
        ],
        "coords": [
            11.806699752807617,
            -9.224874496459961
        ],
        "colour": "#dd793b"
    },
    "2-1-settings-02--25_292STEREO.wav": {
        "numchans": 2,
        "sr": 44100,
        "category": 0,
        "bounds": [
            5544544,
            5742688
        ],
        "coords": [
            2.9598586559295654,
            -2.662545680999756
        ],
        "colour": "#dd793b"
    },
    "2-1-settings-02--25_293STEREO.wav": {
        "numchans": 2,
        "sr": 44100,
        "category": 0,
        "bounds": [
            5742688,
            5940800
        ],