{
    "1-1-1-1-settings-01-25_216STEREO.wav": {
        "numchans": 2,
        "sr": 44100,
        "category": 0,
        "bounds": [
            0,
            264032
        ],
        "coords": [
            9.251827239990234,
            24.805221557617188
        ],
        "colour": "#dda5a5"
    },
    "1-1-1-1-settings-01-25_217STEREO.wav": {
        "numchans": 2,
        "sr": 44100,
        "category": 0,
        "bounds": [
            264032,
            528096
        ],
        "coords": [
            106.97547149658203,
            44.869876861572266
        ],
        "colour": "#dda5a5"
    },
    "1-1-1-1-settings-01-25_218STEREO.wav": {
        "numchans": 2,
        "sr": 44100,
        "category": 0,
        "bounds": [
            528096,
            792032
        ],
        "coords": [
            -35.466548919677734,
            -20.992698669433594
        ],
        "colour": "#dda5a5"
    },
    "1-1-1-1-settings-01-25_219STEREO.wav": {
        "numchans": 2,
        "sr": 44100,
        "category": 0,
        "bounds": [
            792032,
            1056096
        ],
        "coords": [
            0.3899378180503845,
            42.76433563232422
        ],
        "colour": "#dda5a5"
    },
    "1-1-1-1-settings-01-25_220STEREO.wav": {
        "numchans": 2,
        "sr": 44100,
        "category": 0,
        "bounds": [
            1056096,
            1319904
        ],
        "coords": [
            127.89883422851562,
            -18.733339309692383
        ],
        "colour": "#dda5a5"
    },
    "1-1-1-1-settings-01-25_221STEREO.wav": {
        "numchans": 2,
        "sr": 44100,
        "category": 0,
        "bounds": [
            1319904,
            1584032
        ],
        "coords": [
            112.98919677734375,
            -37.66429138183594
        ],
        "colour": "#dda5a5"
    },
    "1-1-1-1-settings-02-25_219STEREO.wav": {
        "numchans": 2,
        "sr": 44100,
        "category": 0,
        "bounds": [
            1584032,
            1847968
        ],
        "coords": [
            -73.16738891601562,
            45.42745590209961
        ],
        "colour": "#dd4b4b"
    },
    "1-1-1-1-settings-02-25_220STEREO.wav": {
        "numchans": 2,
        "sr": 44100,
        "category": 0,
        "bounds": [
            1847968,
            2112000
        ],
        "coords": [
            -67.30953979492188,
            28.421600341796875
        ],
        "colour": "#dd4b4b"
    },
    "1-1-1-1-settings-02-25_221STEREO.wav": {
        "numchans": 2,
        "sr": 44100,
        "category": 0,
        "bounds": [
            2112000,
            2376064
        ],
        "coords": [
            -54.25360107421875,
            41.357975006103516
        ],
        "colour": "#dd4b4b"
    },
    "1-1-1-1-settings-02-25_222STEREO.wav": {
        "numchans": 2,
        "sr": 44100,
        "category": 0,
        "bounds": [
            2376064,
            2639872
        ],
        "coords": [
            -45.234806060791016,
            6.749969005584717
        ],
        "colour": "#dd4b4b"
    },
    "1-1-1-1-settings-02-25_223STEREO.wav": {
        "numchans": 2,
        "sr": 44100,
        "category": 0,
        "bounds": [
            2639872,
            2903808
        ],
        "coords": [
            -92.24211883544922,
            42.93407440185547
        ],
        "colour": "#dd4b4b"
    },
    "1-1-1-1-settings-02-25_224STEREO.wav": {
        "numchans": 2,
        "sr": 44100,
        "category": 0,
        "bounds": [
            2903808,
            3167744
        ],
        "coords": [
            -86.1733627319336,
            25.511394500732422
        ],
        "colour": "#dd4b4b"
    },
    "2-1-settings-01--25_286STEREO.wav": {
        "numchans": 2,
        "sr": 44100,
        "category": 0,
        "bounds": [
            3167744,
            3365856
        ],
        "coords": [
            -34.01432418823242,
            32.04854965209961
        ],
        "colour": "#ddb195"
    },
    "2-1-settings-01--25_287STEREO.wav": {
        "numchans": 2,
        "sr": 44100,
        "category": 0,
        "bounds": [
            3365856,
            3563936
        ],
        "coords": [
            -29.81502914428711,
            12.03007984161377
        ],
        "colour": "#ddb195"
    },
    "2-1-settings-01--25_288STEREO.wav": {
        "numchans": 2,
        "sr": 44100,
        "category": 0,
        "bounds": [
            3563936,
            3761952
        ],
        "coords": [
            -57.19973373413086,
            71.82714080810547
        ],
        "colour": "#ddb195"
    },
    "2-1-settings-01--25_289STEREO.wav": {
        "numchans": 2,
        "sr": 44100,
        "category": 0,
        "bounds": [
            3761952,
            3960096
        ],
        "coords": [
            -70.9183349609375,
            71.86529541015625
        ],
        "colour": "#ddb195"
    },
    "2-1-settings-01--25_290STEREO.wav": {
        "numchans": 2,
        "sr": 44100,
        "category": 0,
        "bounds": [
            3960096,
            4158112
        ],
        "coords": [
            -46.704830169677734,
            -9.009379386901855
        ],
        "colour": "#ddb195"
    },
    "2-1-settings-01--25_291STEREO.wav": {
        "numchans": 2,
        "sr": 44100,
        "category": 0,
        "bounds": [
            4158112,
            4356256
        ],
        "coords": [
            -90.46160125732422,
            -5.3103227615356445
        ],
        "colour": "#ddb195"
    },
    "2-1-settings-01--25_292STEREO.wav": {
        "numchans": 2,
        "sr": 44100,
        "category": 0,
        "bounds": [
            4356256,
            4554400
        ],
        "coords": [
            -29.157188415527344,
            -35.68022537231445
        ],
        "colour": "#ddb195"
    },
    "2-1-settings-01--25_293STEREO.wav": {
        "numchans": 2,
        "sr": 44100,
        "category": 0,
        "bounds": [
            4554400,
            4752320
        ],
        "coords": [
            -76.70885467529297,
            7.850888252258301
        ],
        "colour": "#ddb195"
    },
    "2-1-settings-02--25_288STEREO.wav": {
        "numchans": 2,
        "sr": 44100,
        "category": 0,
        "bounds": [
            4752320,
            4950432
        ],
        "coords": [
            4.828848361968994,
            -42.18210983276367
        ],
        "colour": "#dd793b"
    },
    "2-1-settings-02--25_289STEREO.wav": {
        "numchans": 2,
        "sr": 44100,
        "category": 0,
        "bounds": [
            4950432,
            5148448
        ],
        "coords": [
            74.08475494384766,
            -31.889442443847656
        ],
        "colour": "#dd793b"
    },
    "2-1-settings-02--25_290STEREO.wav": {
        "numchans": 2,
        "sr": 44100,
        "category": 0,
        "bounds": [
            5148448,
            5346528
        ],
        "coords": [
            118.67012786865234,
            57.500030517578125
        ],
        "colour": "#dd793b"
    },
    "2-1-settings-02--25_291STEREO.wav": {
        "numchans": 2,
        "sr": 44100,
        "category": 0,
        "bounds": [
            5346528,
            5544544
        ],
        "coords": [
            104.48839569091797,
            65.08049011230469
        ],
        "colour": "#dd793b"
    },
    "2-1-settings-02--25_292STEREO.wav": {
        "numchans": 2,
        "sr": 44100,
        "category": 0,
        "bounds": [
            5544544,
            5742688
        ],
        "coords": [
            93.05023193359375,
            53.505210876464844
        ],
        "colour": "#dd793b"
    },
    "2-1-settings-02--25_293STEREO.wav": {
        "numchans": 2,
        "sr": 44100,
        "category": 0,
        "bounds": [
            5742688,
            5940800
        ],