{
    "1-1-1-1-settings-01-23_206STEREO.wav": {
        "numchans": 2,
        "sr": 44100,
        "category": 0,
        "bounds": [
            0,
            140288
        ],
        "coords": [
            7.8982696533203125,
            13.835755348205566
        ],
        "colour": "#eeb2b2"
    },
    "1-1-1-1-settings-01-23_207STEREO.wav": {
        "numchans": 2,
        "sr": 44100,
        "category": 0,
        "bounds": [
            140288,
            404096
        ],
        "coords": [
            3.738363742828369,
            9.893743515014648
        ],
        "colour": "#eeb2b2"
    },
    "1-1-1-1-settings-01-23_208STEREO.wav": {
        "numchans": 2,
        "sr": 44100,
        "category": 0,
        "bounds": [
            404096,
            668160
        ],
        "coords": [
            4.445483207702637,
            9.97363567352295
        ],
        "colour": "#eeb2b2"
    },
    "1-1-1-1-settings-01-23_209STEREO.wav": {
        "numchans": 2,
        "sr": 44100,
        "category": 0,
        "bounds": [
            668160,
            932096
        ],
        "coords": [
            2.8839123249053955,
            11.398306846618652
        ],
        "colour": "#eeb2b2"
    },
    "1-1-1-1-settings-01-23_210STEREO.wav": {
        "numchans": 2,
        "sr": 44100,
        "category": 0,
        "bounds": [
            932096,
            1196032
        ],
        "coords": [
            2.462844133377075,
            10.981800079345703
        ],
        "colour": "#eeb2b2"
    },
    "1-1-1-1-settings-02-23_209STEREO.wav": {
        "numchans": 2,
        "sr": 44100,
        "category": 0,
        "bounds": [
            1196032,
            1335776
        ],
        "coords": [
            1.455092430114746,
            12.241719245910645
        ],
        "colour": "#ee5151"
    },
    "1-1-1-1-settings-02-23_210STEREO.wav": {
        "numchans": 2,
        "sr": 44100,
        "category": 0,
        "bounds": [
            1335776,
            1599584
        ],
        "coords": [
            1.2935020923614502,
            11.391083717346191
        ],
        "colour": "#ee5151"
    },
    "1-1-1-1-settings-02-23_211STEREO.wav": {
        "numchans": 2,
        "sr": 44100,
        "category": 0,
        "bounds": [
            1599584,
            1863616
        ],
        "coords": [
            1.4378069639205933,
            11.133284568786621
        ],
        "colour": "#ee5151"
    },
    "1-1-1-1-settings-02-23_212STEREO.wav": {
        "numchans": 2,
        "sr": 44100,
        "category": 0,
        "bounds": [
            1863616,
            2127552
        ],
        "coords": [
            1.562911868095398,
            11.516179084777832
        ],
        "colour": "#ee5151"
    },
    "1-1-1-1-settings-02-23_213STEREO.wav": {
        "numchans": 2,
        "sr": 44100,
        "category": 0,
        "bounds": [
            2127552,
            2391712
        ],
        "coords": [
            1.8499609231948853,
            11.523222923278809
        ],
        "colour": "#ee5151"
    },
    "2-1-settings-01--23_272STEREO.wav": {
        "numchans": 2,
        "sr": 44100,
        "category": 0,
        "bounds": [
            2391712,
            2497184
        ],
        "coords": [
            2.4733099937438965,
            12.078468322753906
        ],
        "colour": "#eebfa1"
    },
    "2-1-settings-01--23_273STEREO.wav": {
        "numchans": 2,
        "sr": 44100,
        "category": 0,
        "bounds": [
            2497184,
            2695328
        ],
        "coords": [
            3.448570489883423,
            9.85173511505127
        ],
        "colour": "#eebfa1"
    },
    "2-1-settings-01--23_274STEREO.wav": {
        "numchans": 2,
        "sr": 44100,
        "category": 0,
        "bounds": [
            2695328,
            2893376
        ],
        "coords": [
            5.884097099304199,
            11.897651672363281
        ],
        "colour": "#eebfa1"
    },
    "2-1-settings-01--23_275STEREO.wav": {
        "numchans": 2,
        "sr": 44100,
        "category": 0,
        "bounds": [
            2893376,
            3091648
        ],
        "coords": [
            6.908719062805176,
            13.99443531036377
        ],
        "colour": "#eebfa1"
    },
    "2-1-settings-01--23_276STEREO.wav": {
        "numchans": 2,
        "sr": 44100,
        "category": 0,
        "bounds": [
            3091648,
            3289984
        ],
        "coords": [
            4.1941962242126465,
            10.075210571289062
        ],
        "colour": "#eebfa1"
    },
    "2-1-settings-01--23_277STEREO.wav": {
        "numchans": 2,
        "sr": 44100,
        "category": 0,
        "bounds": [
            3289984,
            3488224
        ],
        "coords": [
            2.6031718254089355,
            10.625061988830566
        ],
        "colour": "#eebfa1"
    },
    "2-1-settings-01--23_278STEREO.wav": {
        "numchans": 2,
        "sr": 44100,
        "category": 0,
        "bounds": [
            3488224,
            3686336
        ],
        "coords": [
            1.3129380941390991,
            11.857574462890625
        ],
        "colour": "#eebfa1"
    },
    "2-1-settings-02--23_274STEREO.wav": {
        "numchans": 2,
        "sr": 44100,
        "category": 0,
        "bounds": [
            3686336,
            3791616
        ],
        "coords": [
            7.027539253234863,
            14.101123809814453
        ],
        "colour": "#ee8240"
    },
    "2-1-settings-02--23_275STEREO.wav": {
        "numchans": 2,
        "sr": 44100,
        "category": 0,
        "bounds": [
            3791616,
            3989728
        ],
        "coords": [
            4.433811664581299,
            10.585044860839844
        ],
        "colour": "#ee8240"
    },
    "2-1-settings-02--23_276STEREO.wav": {
        "numchans": 2,
        "sr": 44100,
        "category": 0,
        "bounds": [
            3989728,
            4187776
        ],
        "coords": [
            4.196133136749268,
            10.437355995178223
        ],
        "colour": "#ee8240"
    },
    "2-1-settings-02--23_277STEREO.wav": {
        "numchans": 2,
        "sr": 44100,
        "category": 0,
        "bounds": [
            4187776,
            4385824
        ],
        "coords": [
            6.660260200500488,
            12.826006889343262
        ],
        "colour": "#ee8240"
    },
    "2-1-settings-02--23_278STEREO.wav": {
        "numchans": 2,
        "sr": 44100,
        "category": 0,
        "bounds": [
            4385824,
            4584160
        ],
        "coords": [
            5.177569389343262,
            11.155180931091309
        ],
        "colour": "#ee8240"
    },
    "2-1-settings-02--23_279STEREO.wav": {
        "numchans": 2,
        "sr": 44100,
        "category": 0,
        "bounds": [
            4584160,
            4782176
        ],
        "coords": [
            6.7023797035217285,
            14.209307670593262
        ],
        "colour": "#ee8240"
    },
    "2-1-settings-02--23_280STEREO.wav": {
        "numchans": 2,
        "sr": 44100,
        "category": 0,
        "bounds": [
            4782176,
            4980128
        ],
        "coords": [
            3.0686771869659424,
            10.871269226074219
        ],
        "colour": "#ee8240"
    },
    "full-rand-01-23_169STEREO.wav": {
        "numchans": 2,
        "sr": 44100,
        "category": 0,
        "bounds": [
            4980128,
            5156128
        ],
        "coords": [
            7.235333442687988,
            13.799724578857422
        ],
        "colour": "#d2ee9a"
    },
    "full-rand-01-23_170STEREO.wav": {
        "numchans": 2,
        "sr": 44100,
        "category": 0,
        "bounds": [
            5156128,
            5486240
        ],