{
    "1-1-1-1-settings-01-1_1STEREO.wav": {
        "numchans": 2,
        "sr": 44100,
        "category": 0,
        "bounds": [
            0,
            147776
        ],
        "coords": [
            81.52952575683594,
            -81.63102722167969
        ],
        "colour": "#ffbfbf"
    },
    "1-1-1-1-settings-01-1_2STEREO.wav": {
        "numchans": 2,
        "sr": 44100,
        "category": 0,
        "bounds": [
            147776,
            406080
        ],
        "coords": [
            -22.332107543945312,
            12.209497451782227
        ],
        "colour": "#ffbfbf"
    },
    "1-1-1-1-settings-01-1_3STEREO.wav": {
        "numchans": 2,
        "sr": 44100,
        "category": 0,
        "bounds": [
            406080,
            670400
        ],
        "coords": [
            -46.634178161621094,
            88.14688873291016
        ],
        "colour": "#ffbfbf"
    },
    "1-1-1-1-settings-01-1_4STEREO.wav": {
        "numchans": 2,
        "sr": 44100,
        "category": 0,
        "bounds": [
            670400,
            934720
        ],
        "coords": [
            -133.15399169921875,
            39.79745864868164
        ],
        "colour": "#ffbfbf"
    },
    "1-1-1-1-settings-01-1_5STEREO.wav": {
        "numchans": 2,
        "sr": 44100,
        "category": 0,
        "bounds": [
            934720,
            1199136
        ],
        "coords": [
            135.45082092285156,
            -89.03262329101562
        ],
        "colour": "#ffbfbf"
    },
    "1-1-1-1-settings-02-1_1STEREO.wav": {
        "numchans": 2,
        "sr": 44100,
        "category": 0,
        "bounds": [
            1199136,
            1353408
        ],
        "coords": [
            99.38409423828125,
            -0.7582980990409851
        ],
        "colour": "#ff5757"
    },
    "1-1-1-1-settings-02-1_2STEREO.wav": {
        "numchans": 2,
        "sr": 44100,
        "category": 0,
        "bounds": [
            1353408,
            1617536
        ],
        "coords": [
            -91.44915008544922,
            -42.535064697265625
        ],
        "colour": "#ff5757"
    },
    "1-1-1-1-settings-02-1_3STEREO.wav": {
        "numchans": 2,
        "sr": 44100,
        "category": 0,
        "bounds": [
            1617536,
            1881792
        ],
        "coords": [
            -55.21577835083008,
            -38.56682586669922
        ],
        "colour": "#ff5757"
    },
    "1-1-1-1-settings-02-1_4STEREO.wav": {
        "numchans": 2,
        "sr": 44100,
        "category": 0,
        "bounds": [
            1881792,
            2146112
        ],
        "coords": [
            -70.61597442626953,
            53.325408935546875
        ],
        "colour": "#ff5757"
    },
    "1-1-1-1-settings-02-1_5STEREO.wav": {
        "numchans": 2,
        "sr": 44100,
        "category": 0,
        "bounds": [
            2146112,
            2410368
        ],
        "coords": [
            181.18264770507812,
            -112.5240478515625
        ],
        "colour": "#ff5757"
    },
    "2-1-settings-01--1_1STEREO.wav": {
        "numchans": 2,
        "sr": 44100,
        "category": 0,
        "bounds": [
            2410368,
            2564640
        ],
        "coords": [
            139.7073516845703,
            13.677029609680176
        ],
        "colour": "#ffcdad"
    },
    "2-1-settings-01--1_2STEREO.wav": {
        "numchans": 2,
        "sr": 44100,
        "category": 0,
        "bounds": [
            2564640,
            2762976
        ],
        "coords": [
            74.22418975830078,
            -112.64289093017578
        ],
        "colour": "#ffcdad"
    },
    "2-1-settings-01--1_3STEREO.wav": {
        "numchans": 2,
        "sr": 44100,
        "category": 0,
        "bounds": [
            2762976,
            2961248
        ],
        "coords": [
            -51.31383514404297,
            -8.074087142944336
        ],
        "colour": "#ffcdad"
    },
    "2-1-settings-01--1_4STEREO.wav": {
        "numchans": 2,
        "sr": 44100,
        "category": 0,
        "bounds": [
            2961248,
            3159616
        ],
        "coords": [
            124.36713409423828,
            -51.98918914794922
        ],
        "colour": "#ffcdad"
    },
    "2-1-settings-01--1_5STEREO.wav": {
        "numchans": 2,
        "sr": 44100,
        "category": 0,
        "bounds": [
            3159616,
            3357920
        ],
        "coords": [
            -23.868810653686523,
            -51.67463684082031
        ],
        "colour": "#ffcdad"
    },
    "2-1-settings-01--1_6STEREO.wav": {
        "numchans": 2,
        "sr": 44100,
        "category": 0,
        "bounds": [
            3357920,
            3556256
        ],
        "coords": [
            65.69203186035156,
            0.4396141767501831
        ],
        "colour": "#ffcdad"
    },
    "2-1-settings-02--1_1STEREO.wav": {
        "numchans": 2,
        "sr": 44100,
        "category": 0,
        "bounds": [
            3556256,
            3710624
        ],
        "coords": [
            112.10633850097656,
            31.776447296142578
        ],
        "colour": "#ff8c45"
    },
    "2-1-settings-02--1_2STEREO.wav": {
        "numchans": 2,
        "sr": 44100,
        "category": 0,
        "bounds": [
            3710624,
            3908928
        ],
        "coords": [
            -100.18214416503906,
            45.15298080444336
        ],
        "colour": "#ff8c45"
    },
    "2-1-settings-02--1_3STEREO.wav": {
        "numchans": 2,
        "sr": 44100,
        "category": 0,
        "bounds": [
            3908928,
            4107200
        ],
        "coords": [
            -25.087650299072266,
            -18.77716827392578
        ],
        "colour": "#ff8c45"
    },
    "2-1-settings-02--1_4STEREO.wav": {
        "numchans": 2,
        "sr": 44100,
        "category": 0,
        "bounds": [
            4107200,
            4305568
        ],
        "coords": [
            41.68570327758789,
            -27.2230167388916
        ],
        "colour": "#ff8c45"
    },
    "2-1-settings-02--1_5STEREO.wav": {
        "numchans": 2,
        "sr": 44100,
        "category": 0,
        "bounds": [
            4305568,
            4503840
        ],
        "coords": [
            73.3094253540039,
            37.17774200439453
        ],
        "colour": "#ff8c45"
    },
    "2-1-settings-02--1_6STEREO.wav": {
        "numchans": 2,
        "sr": 44100,
        "category": 0,
        "bounds": [
            4503840,
            4702208
        ],
        "coords": [
            154.0093231201172,
            -59.1651725769043
        ],
        "colour": "#ff8c45"
    },
    "full-rand-01-1_1STEREO.wav": {
        "numchans": 2,
        "sr": 44100,
        "category": 0,
        "bounds": [
            4702208,
            4856576
        ],
        "coords": [
            63.5427131652832,
            -51.419315338134766
        ],
        "colour": "#e1ffa6"
    },
    "full-rand-01-1_2STEREO.wav": {
        "numchans": 2,
        "sr": 44100,
        "category": 0,
        "bounds": [
            4856576,
            5187072
        ],
        "coords": [
            52.80489730834961,
            -82.34827423095703
        ],
        "colour": "#e1ffa6"
    },
    "full-rand-01-1_3STEREO.wav": {
        "numchans": 2,
        "sr": 44100,
        "category": 0,
        "bounds": [
            5187072,
            5516544
        ],
        "coords": [
            76.17887115478516,
            -26.10830307006836
        ],
        "colour": "#e1ffa6"
    },
    "full-rand-01-1_4STEREO.wav": {
        "numchans": 2,
        "sr": 44100,
        "category": 0,
        "bounds": [
            5516544,
            5846144
        ],
        "coords": [
            -164.26992797851562,
            24.811222076416016
        ],