{
    "1-1-1-1-settings-01-23_206STEREO.wav": {
        "numchans": 2,
        "sr": 44100,
        "category": 0,
        "bounds": [
            0,
            140288
        ],
        "coords": [
            0.9063831567764282,
            5.618099212646484
        ],
        "colour": "#eeb2b2"
    },
    "1-1-1-1-settings-01-23_207STEREO.wav": {
        "numchans": 2,
        "sr": 44100,
        "category": 0,
        "bounds": [
            140288,
            404096
        ],
        "coords": [
            0.7361329793930054,
            5.853113174438477
        ],
        "colour": "#eeb2b2"
    },
    "1-1-1-1-settings-01-23_208STEREO.wav": {
        "numchans": 2,
        "sr": 44100,
        "category": 0,
        "bounds": [
            404096,
            668160
        ],
        "coords": [
            1.427925944328308,
            2.980611801147461
        ],
        "colour": "#eeb2b2"
    },
    "1-1-1-1-settings-01-23_209STEREO.wav": {
        "numchans": 2,
        "sr": 44100,
        "category": 0,
        "bounds": [
            668160,
            932096
        ],
        "coords": [
            0.9973326325416565,
            5.438791275024414
        ],
        "colour": "#eeb2b2"
    },
    "1-1-1-1-settings-01-23_210STEREO.wav": {
        "numchans": 2,
        "sr": 44100,
        "category": 0,
        "bounds": [
            932096,
            1196032
        ],
        "coords": [
            1.9942924976348877,
            6.098478317260742
        ],
        "colour": "#eeb2b2"
    },
    "1-1-1-1-settings-02-23_209STEREO.wav": {
        "numchans": 2,
        "sr": 44100,
        "category": 0,
        "bounds": [
            1196032,
            1335776
        ],
        "coords": [
            2.3066234588623047,
            4.672657012939453
        ],
        "colour": "#ee5151"
    },
    "1-1-1-1-settings-02-23_210STEREO.wav": {
        "numchans": 2,
        "sr": 44100,
        "category": 0,
        "bounds": [
            1335776,
            1599584
        ],
        "coords": [
            1.1012225151062012,
            5.163305282592773
        ],
        "colour": "#ee5151"
    },
    "1-1-1-1-settings-02-23_211STEREO.wav": {
        "numchans": 2,
        "sr": 44100,
        "category": 0,
        "bounds": [
            1599584,
            1863616
        ],
        "coords": [
            1.3621947765350342,
            6.205573081970215
        ],
        "colour": "#ee5151"
    },
    "1-1-1-1-settings-02-23_212STEREO.wav": {
        "numchans": 2,
        "sr": 44100,
        "category": 0,
        "bounds": [
            1863616,
            2127552
        ],
        "coords": [
            1.5895041227340698,
            6.219844341278076
        ],
        "colour": "#ee5151"
    },
    "1-1-1-1-settings-02-23_213STEREO.wav": {
        "numchans": 2,
        "sr": 44100,
        "category": 0,
        "bounds": [
            2127552,
            2391712
        ],
        "coords": [
            1.6308786869049072,
            5.7087249755859375
        ],
        "colour": "#ee5151"
    },
    "2-1-settings-01--23_272STEREO.wav": {
        "numchans": 2,
        "sr": 44100,
        "category": 0,
        "bounds": [
            2391712,
            2497184
        ],
        "coords": [
            3.305771589279175,
            -0.4846368730068207
        ],
        "colour": "#eebfa1"
    },
    "2-1-settings-01--23_273STEREO.wav": {
        "numchans": 2,
        "sr": 44100,
        "category": 0,
        "bounds": [
            2497184,
            2695328
        ],
        "coords": [
            0.7885029315948486,
            3.1331629753112793
        ],
        "colour": "#eebfa1"
    },
    "2-1-settings-01--23_274STEREO.wav": {
        "numchans": 2,
        "sr": 44100,
        "category": 0,
        "bounds": [
            2695328,
            2893376
        ],
        "coords": [
            1.21221923828125,
            2.5916190147399902
        ],
        "colour": "#eebfa1"
    },
    "2-1-settings-01--23_275STEREO.wav": {
        "numchans": 2,
        "sr": 44100,
        "category": 0,
        "bounds": [
            2893376,
            3091648
        ],
        "coords": [
            1.430723786354065,
            2.3672704696655273
        ],
        "colour": "#eebfa1"
    },
    "2-1-settings-01--23_276STEREO.wav": {
        "numchans": 2,
        "sr": 44100,
        "category": 0,
        "bounds": [
            3091648,
            3289984
        ],
        "coords": [
            1.0592652559280396,
            2.9122555255889893
        ],
        "colour": "#eebfa1"
    },
    "2-1-settings-01--23_277STEREO.wav": {
        "numchans": 2,
        "sr": 44100,
        "category": 0,
        "bounds": [
            3289984,
            3488224
        ],
        "coords": [
            0.8048340082168579,
            2.517747402191162
        ],
        "colour": "#eebfa1"
    },
    "2-1-settings-01--23_278STEREO.wav": {
        "numchans": 2,
        "sr": 44100,
        "category": 0,
        "bounds": [
            3488224,
            3686336
        ],
        "coords": [
            1.385860562324524,
            5.454199314117432
        ],
        "colour": "#eebfa1"
    },
    "2-1-settings-02--23_274STEREO.wav": {
        "numchans": 2,
        "sr": 44100,
        "category": 0,
        "bounds": [
            3686336,
            3791616
        ],
        "coords": [
            3.486147403717041,
            0.12936924397945404
        ],
        "colour": "#ee8240"
    },
    "2-1-settings-02--23_275STEREO.wav": {
        "numchans": 2,
        "sr": 44100,
        "category": 0,
        "bounds": [
            3791616,
            3989728
        ],
        "coords": [
            2.602498769760132,
            1.2341994047164917
        ],
        "colour": "#ee8240"
    },
    "2-1-settings-02--23_276STEREO.wav": {
        "numchans": 2,
        "sr": 44100,
        "category": 0,
        "bounds": [
            3989728,
            4187776
        ],
        "coords": [
            2.1511588096618652,
            1.9549428224563599
        ],
        "colour": "#ee8240"
    },
    "2-1-settings-02--23_277STEREO.wav": {
        "numchans": 2,
        "sr": 44100,
        "category": 0,
        "bounds": [
            4187776,
            4385824
        ],
        "coords": [
            2.1141138076782227,
            2.3929648399353027
        ],
        "colour": "#ee8240"
    },
    "2-1-settings-02--23_278STEREO.wav": {
        "numchans": 2,
        "sr": 44100,
        "category": 0,
        "bounds": [
            4385824,
            4584160
        ],
        "coords": [
            3.1685547828674316,
            0.5481699705123901
        ],
        "colour": "#ee8240"
    },
    "2-1-settings-02--23_279STEREO.wav": {
        "numchans": 2,
        "sr": 44100,
        "category": 0,
        "bounds": [
            4584160,
            4782176
        ],
        "coords": [
            3.6323752403259277,
            0.6867399215698242
        ],
        "colour": "#ee8240"
    },
    "2-1-settings-02--23_280STEREO.wav": {
        "numchans": 2,
        "sr": 44100,
        "category": 0,
        "bounds": [
            4782176,
            4980128
        ],
        "coords": [
            3.2546873092651367,
            -0.16713467240333557
        ],
        "colour": "#ee8240"
    },
    "full-rand-01-23_169STEREO.wav": {
        "numchans": 2,
        "sr": 44100,
        "category": 0,
        "bounds": [
            4980128,
            5156128
        ],
        "coords": [
            2.78391695022583,
            0.5155549049377441
        ],
        "colour": "#d2ee9a"
    },
    "full-rand-01-23_170STEREO.wav": {
        "numchans": 2,
        "sr": 44100,
        "category": 0,
        "bounds": [
            5156128,
            5486240
        ],