{
    "1-1-1-1-settings-01-24_211STEREO.wav": {
        "numchans": 2,
        "sr": 44100,
        "category": 0,
        "bounds": [
            0,
            264000
        ],
        "coords": [
            21.37251853942871,
            6.638699054718018
        ],
        "colour": "#e5abab"
    },
    "1-1-1-1-settings-01-24_212STEREO.wav": {
        "numchans": 2,
        "sr": 44100,
        "category": 0,
        "bounds": [
            264000,
            527904
        ],
        "coords": [
            50.3986701965332,
            -76.10181427001953
        ],
        "colour": "#e5abab"
    },
    "1-1-1-1-settings-01-24_213STEREO.wav": {
        "numchans": 2,
        "sr": 44100,
        "category": 0,
        "bounds": [
            527904,
            791840
        ],
        "coords": [
            -20.522056579589844,
            -14.668177604675293
        ],
        "colour": "#e5abab"
    },
    "1-1-1-1-settings-01-24_214STEREO.wav": {
        "numchans": 2,
        "sr": 44100,
        "category": 0,
        "bounds": [
            791840,
            1055776
        ],
        "coords": [
            31.907747268676758,
            -38.4398078918457
        ],
        "colour": "#e5abab"
    },
    "1-1-1-1-settings-01-24_215STEREO.wav": {
        "numchans": 2,
        "sr": 44100,
        "category": 0,
        "bounds": [
            1055776,
            1319840
        ],
        "coords": [
            29.263029098510742,
            -7.678948402404785
        ],
        "colour": "#e5abab"
    },
    "1-1-1-1-settings-02-24_214STEREO.wav": {
        "numchans": 2,
        "sr": 44100,
        "category": 0,
        "bounds": [
            1319840,
            1583872
        ],
        "coords": [
            -16.09800910949707,
            43.656837463378906
        ],
        "colour": "#e54e4e"
    },
    "1-1-1-1-settings-02-24_215STEREO.wav": {
        "numchans": 2,
        "sr": 44100,
        "category": 0,
        "bounds": [
            1583872,
            1847808
        ],
        "coords": [
            -45.35000228881836,
            50.359107971191406
        ],
        "colour": "#e54e4e"
    },
    "1-1-1-1-settings-02-24_216STEREO.wav": {
        "numchans": 2,
        "sr": 44100,
        "category": 0,
        "bounds": [
            1847808,
            2111872
        ],
        "coords": [
            -28.20004653930664,
            33.3768310546875
        ],
        "colour": "#e54e4e"
    },
    "1-1-1-1-settings-02-24_217STEREO.wav": {
        "numchans": 2,
        "sr": 44100,
        "category": 0,
        "bounds": [
            2111872,
            2375904
        ],
        "coords": [
            7.411811351776123,
            48.26262664794922
        ],
        "colour": "#e54e4e"
    },
    "1-1-1-1-settings-02-24_218STEREO.wav": {
        "numchans": 2,
        "sr": 44100,
        "category": 0,
        "bounds": [
            2375904,
            2639712
        ],
        "coords": [
            -42.8625373840332,
            37.586299896240234
        ],
        "colour": "#e54e4e"
    },
    "2-1-settings-01--24_279STEREO.wav": {
        "numchans": 2,
        "sr": 44100,
        "category": 0,
        "bounds": [
            2639712,
            2837856
        ],
        "coords": [
            -35.20912170410156,
            23.36605453491211
        ],
        "colour": "#e5b89b"
    },
    "2-1-settings-01--24_280STEREO.wav": {
        "numchans": 2,
        "sr": 44100,
        "category": 0,
        "bounds": [
            2837856,
            3035904
        ],
        "coords": [
            -16.90620231628418,
            1.365609884262085
        ],
        "colour": "#e5b89b"
    },
    "2-1-settings-01--24_281STEREO.wav": {
        "numchans": 2,
        "sr": 44100,
        "category": 0,
        "bounds": [
            3035904,
            3233920
        ],
        "coords": [
            -19.150287628173828,
            64.261962890625
        ],
        "colour": "#e5b89b"
    },
    "2-1-settings-01--24_282STEREO.wav": {
        "numchans": 2,
        "sr": 44100,
        "category": 0,
        "bounds": [
            3233920,
            3432032
        ],
        "coords": [
            58.14714050292969,
            -65.07947540283203
        ],
        "colour": "#e5b89b"
    },
    "2-1-settings-01--24_283STEREO.wav": {
        "numchans": 2,
        "sr": 44100,
        "category": 0,
        "bounds": [
            3432032,
            3630016
        ],
        "coords": [
            -31.854503631591797,
            62.07548904418945
        ],
        "colour": "#e5b89b"
    },
    "2-1-settings-01--24_284STEREO.wav": {
        "numchans": 2,
        "sr": 44100,
        "category": 0,
        "bounds": [
            3630016,
            3828160
        ],
        "coords": [
            -29.478343963623047,
            44.96887969970703
        ],
        "colour": "#e5b89b"
    },
    "2-1-settings-01--24_285STEREO.wav": {
        "numchans": 2,
        "sr": 44100,
        "category": 0,
        "bounds": [
            3828160,
            4026432
        ],
        "coords": [
            -27.59410285949707,
            72.24132537841797
        ],
        "colour": "#e5b89b"
    },
    "2-1-settings-02--24_281STEREO.wav": {
        "numchans": 2,
        "sr": 44100,
        "category": 0,
        "bounds": [
            4026432,
            4224704
        ],
        "coords": [
            7.0195698738098145,
            4.056113243103027
        ],
        "colour": "#e57e3e"
    },
    "2-1-settings-02--24_282STEREO.wav": {
        "numchans": 2,
        "sr": 44100,
        "category": 0,
        "bounds": [
            4224704,
            4422848
        ],
        "coords": [
            11.632062911987305,
            14.103896141052246
        ],
        "colour": "#e57e3e"
    },
    "2-1-settings-02--24_283STEREO.wav": {
        "numchans": 2,
        "sr": 44100,
        "category": 0,
        "bounds": [
            4422848,
            4621088
        ],
        "coords": [
            8.721917152404785,
            -18.9853572845459
        ],
        "colour": "#e57e3e"
    },
    "2-1-settings-02--24_284STEREO.wav": {
        "numchans": 2,
        "sr": 44100,
        "category": 0,
        "bounds": [
            4621088,
            4819104
        ],
        "coords": [
            62.491458892822266,
            -78.28569793701172
        ],
        "colour": "#e57e3e"
    },
    "2-1-settings-02--24_285STEREO.wav": {
        "numchans": 2,
        "sr": 44100,
        "category": 0,
        "bounds": [
            4819104,
            5017120
        ],
        "coords": [
            -4.731778621673584,
            2.759814500808716
        ],
        "colour": "#e57e3e"
    },
    "2-1-settings-02--24_286STEREO.wav": {
        "numchans": 2,
        "sr": 44100,
        "category": 0,
        "bounds": [
            5017120,
            5215168
        ],
        "coords": [
            14.743025779724121,
            -6.149313926696777
        ],
        "colour": "#e57e3e"
    },
    "2-1-settings-02--24_287STEREO.wav": {
        "numchans": 2,
        "sr": 44100,
        "category": 0,
        "bounds": [
            5215168,
            5413216
        ],
        "coords": [
            -12.070934295654297,
            11.404269218444824
        ],
        "colour": "#e57e3e"
    },
    "full-rand-01-24_173STEREO.wav": {
        "numchans": 2,
        "sr": 44100,
        "category": 0,
        "bounds": [
            5413216,
            5743712
        ],
        "coords": [
            54.44426345825195,
            -49.942142486572266
        ],
        "colour": "#cae595"
    },
    "full-rand-01-24_174STEREO.wav": {
        "numchans": 2,
        "sr": 44100,
        "category": 0,
        "bounds": [
            5743712,
            6073952
        ],