{
    "1-1-1-1-settings-01-2_10STEREO.wav": {
        "numchans": 2,
        "sr": 44100,
        "category": 0,
        "bounds": [
            0,
            264256
        ],
        "coords": [
            63.0407600402832,
            71.13391876220703
        ],
        "colour": "#f6b8b8"
    },
    "1-1-1-1-settings-01-2_6STEREO.wav": {
        "numchans": 2,
        "sr": 44100,
        "category": 0,
        "bounds": [
            264256,
            528512
        ],
        "coords": [
            28.090469360351562,
            58.411136627197266
        ],
        "colour": "#f6b8b8"
    },
    "1-1-1-1-settings-01-2_7STEREO.wav": {
        "numchans": 2,
        "sr": 44100,
        "category": 0,
        "bounds": [
            528512,
            792992
        ],
        "coords": [
            -25.902095794677734,
            -6.478456497192383
        ],
        "colour": "#f6b8b8"
    },
    "1-1-1-1-settings-01-2_8STEREO.wav": {
        "numchans": 2,
        "sr": 44100,
        "category": 0,
        "bounds": [
            792992,
            1057344
        ],
        "coords": [
            -2.018892526626587,
            -26.471487045288086
        ],
        "colour": "#f6b8b8"
    },
    "1-1-1-1-settings-01-2_9STEREO.wav": {
        "numchans": 2,
        "sr": 44100,
        "category": 0,
        "bounds": [
            1057344,
            1321696
        ],
        "coords": [
            67.53730773925781,
            27.837509155273438
        ],
        "colour": "#f6b8b8"
    },
    "1-1-1-1-settings-02-2_10STEREO.wav": {
        "numchans": 2,
        "sr": 44100,
        "category": 0,
        "bounds": [
            1321696,
            1585952
        ],
        "coords": [
            -74.89427185058594,
            61.8658332824707
        ],
        "colour": "#f65454"
    },
    "1-1-1-1-settings-02-2_6STEREO.wav": {
        "numchans": 2,
        "sr": 44100,
        "category": 0,
        "bounds": [
            1585952,
            1850176
        ],
        "coords": [
            17.358617782592773,
            -108.67182159423828
        ],
        "colour": "#f65454"
    },
    "1-1-1-1-settings-02-2_7STEREO.wav": {
        "numchans": 2,
        "sr": 44100,
        "category": 0,
        "bounds": [
            1850176,
            2114432
        ],
        "coords": [
            82.67304992675781,
            94.59217834472656
        ],
        "colour": "#f65454"
    },
    "1-1-1-1-settings-02-2_8STEREO.wav": {
        "numchans": 2,
        "sr": 44100,
        "category": 0,
        "bounds": [
            2114432,
            2378720
        ],
        "coords": [
            48.5886116027832,
            129.07232666015625
        ],
        "colour": "#f65454"
    },
    "1-1-1-1-settings-02-2_9STEREO.wav": {
        "numchans": 2,
        "sr": 44100,
        "category": 0,
        "bounds": [
            2378720,
            2643040
        ],
        "coords": [
            51.47526168823242,
            47.777034759521484
        ],
        "colour": "#f65454"
    },
    "2-1-settings-01--2_10STEREO.wav": {
        "numchans": 2,
        "sr": 44100,
        "category": 0,
        "bounds": [
            2643040,
            2841376
        ],
        "coords": [
            -33.10246276855469,
            -61.33884048461914
        ],
        "colour": "#f6c6a7"
    },
    "2-1-settings-01--2_11STEREO.wav": {
        "numchans": 2,
        "sr": 44100,
        "category": 0,
        "bounds": [
            2841376,
            3039680
        ],
        "coords": [
            -103.93556213378906,
            -73.48600006103516
        ],
        "colour": "#f6c6a7"
    },
    "2-1-settings-01--2_12STEREO.wav": {
        "numchans": 2,
        "sr": 44100,
        "category": 0,
        "bounds": [
            3039680,
            3238080
        ],
        "coords": [
            -77.31673431396484,
            -72.05650329589844
        ],
        "colour": "#f6c6a7"
    },
    "2-1-settings-01--2_13STEREO.wav": {
        "numchans": 2,
        "sr": 44100,
        "category": 0,
        "bounds": [
            3238080,
            3436352
        ],
        "coords": [
            20.51252555847168,
            -14.812356948852539
        ],
        "colour": "#f6c6a7"
    },
    "2-1-settings-01--2_7STEREO.wav": {
        "numchans": 2,
        "sr": 44100,
        "category": 0,
        "bounds": [
            3436352,
            3634752
        ],
        "coords": [
            -50.85276412963867,
            -78.6595230102539
        ],
        "colour": "#f6c6a7"
    },
    "2-1-settings-01--2_8STEREO.wav": {
        "numchans": 2,
        "sr": 44100,
        "category": 0,
        "bounds": [
            3634752,
            3833024
        ],
        "coords": [
            -25.05718231201172,
            -91.22553253173828
        ],
        "colour": "#f6c6a7"
    },
    "2-1-settings-01--2_9STEREO.wav": {
        "numchans": 2,
        "sr": 44100,
        "category": 0,
        "bounds": [
            3833024,
            4031392
        ],
        "coords": [
            10.772469520568848,
            32.58652877807617
        ],
        "colour": "#f6c6a7"
    },
    "2-1-settings-02--2_10STEREO.wav": {
        "numchans": 2,
        "sr": 44100,
        "category": 0,
        "bounds": [
            4031392,
            4229664
        ],
        "coords": [
            105.0999984741211,
            25.700363159179688
        ],
        "colour": "#f68742"
    },
    "2-1-settings-02--2_11STEREO.wav": {
        "numchans": 2,
        "sr": 44100,
        "category": 0,
        "bounds": [
            4229664,
            4428000
        ],
        "coords": [
            -46.94327926635742,
            -27.344661712646484
        ],
        "colour": "#f68742"
    },
    "2-1-settings-02--2_12STEREO.wav": {
        "numchans": 2,
        "sr": 44100,
        "category": 0,
        "bounds": [
            4428000,
            4626336
        ],
        "coords": [
            -69.9688949584961,
            -18.358427047729492
        ],
        "colour": "#f68742"
    },
    "2-1-settings-02--2_13STEREO.wav": {
        "numchans": 2,
        "sr": 44100,
        "category": 0,
        "bounds": [
            4626336,
            4824608
        ],
        "coords": [
            42.45892333984375,
            -26.680124282836914
        ],
        "colour": "#f68742"
    },
    "2-1-settings-02--2_7STEREO.wav": {
        "numchans": 2,
        "sr": 44100,
        "category": 0,
        "bounds": [
            4824608,
            5022912
        ],
        "coords": [
            21.908842086791992,
            8.724870681762695
        ],
        "colour": "#f68742"
    },
    "2-1-settings-02--2_8STEREO.wav": {
        "numchans": 2,
        "sr": 44100,
        "category": 0,
        "bounds": [
            5022912,
            5221184
        ],
        "coords": [
            -0.5281321406364441,
            1.2341939210891724
        ],
        "colour": "#f68742"
    },
    "2-1-settings-02--2_9STEREO.wav": {
        "numchans": 2,
        "sr": 44100,
        "category": 0,
        "bounds": [
            5221184,
            5419584
        ],
        "coords": [
            -45.87648010253906,
            -106.79035186767578
        ],
        "colour": "#f68742"
    },
    "full-rand-01-2_5STEREO.wav": {
        "numchans": 2,
        "sr": 44100,
        "category": 0,
        "bounds": [
            5419584,
            5749184
        ],
        "coords": [
            107.95501708984375,
            116.46868896484375
        ],
        "colour": "#d9f6a0"
    },
    "full-rand-01-2_6STEREO.wav": {
        "numchans": 2,
        "sr": 44100,
        "category": 0,
        "bounds": [
            5749184,
            6079520
        ],
        "coords": [
            -15.290233612060547,
            20.702516555786133
        ],