{
    "1-1-1-1-settings-01-1_1STEREO.wav": {
        "numchans": 2,
        "sr": 44100,
        "category": 0,
        "bounds": [
            0,
            147776
        ],
        "coords": [
            -15.432551383972168,
            -35.209503173828125
        ],
        "colour": "#ffbfbf"
    },
    "1-1-1-1-settings-01-1_2STEREO.wav": {
        "numchans": 2,
        "sr": 44100,
        "category": 0,
        "bounds": [
            147776,
            406080
        ],
        "coords": [
            -53.850894927978516,
            10.42720890045166
        ],
        "colour": "#ffbfbf"
    },
    "1-1-1-1-settings-01-1_3STEREO.wav": {
        "numchans": 2,
        "sr": 44100,
        "category": 0,
        "bounds": [
            406080,
            670400
        ],
        "coords": [
            -89.37754821777344,
            -6.604293346405029
        ],
        "colour": "#ffbfbf"
    },
    "1-1-1-1-settings-01-1_4STEREO.wav": {
        "numchans": 2,
        "sr": 44100,
        "category": 0,
        "bounds": [
            670400,
            934720
        ],
        "coords": [
            9.157981872558594,
            -6.3562541007995605
        ],
        "colour": "#ffbfbf"
    },
    "1-1-1-1-settings-01-1_5STEREO.wav": {
        "numchans": 2,
        "sr": 44100,
        "category": 0,
        "bounds": [
            934720,
            1199136
        ],
        "coords": [
            7.49884557723999,
            8.957245826721191
        ],
        "colour": "#ffbfbf"
    },
    "1-1-1-1-settings-02-1_1STEREO.wav": {
        "numchans": 2,
        "sr": 44100,
        "category": 0,
        "bounds": [
            1199136,
            1353408
        ],
        "coords": [
            -79.4956283569336,
            -29.409507751464844
        ],
        "colour": "#ff5757"
    },
    "1-1-1-1-settings-02-1_2STEREO.wav": {
        "numchans": 2,
        "sr": 44100,
        "category": 0,
        "bounds": [
            1353408,
            1617536
        ],
        "coords": [
            31.44036102294922,
            60.12506103515625
        ],
        "colour": "#ff5757"
    },
    "1-1-1-1-settings-02-1_3STEREO.wav": {
        "numchans": 2,
        "sr": 44100,
        "category": 0,
        "bounds": [
            1617536,
            1881792
        ],
        "coords": [
            23.85990333557129,
            -10.71380615234375
        ],
        "colour": "#ff5757"
    },
    "1-1-1-1-settings-02-1_4STEREO.wav": {
        "numchans": 2,
        "sr": 44100,
        "category": 0,
        "bounds": [
            1881792,
            2146112
        ],
        "coords": [
            14.38859748840332,
            63.823795318603516
        ],
        "colour": "#ff5757"
    },
    "1-1-1-1-settings-02-1_5STEREO.wav": {
        "numchans": 2,
        "sr": 44100,
        "category": 0,
        "bounds": [
            2146112,
            2410368
        ],
        "coords": [
            -5.2848029136657715,
            -62.7672119140625
        ],
        "colour": "#ff5757"
    },
    "2-1-settings-01--1_1STEREO.wav": {
        "numchans": 2,
        "sr": 44100,
        "category": 0,
        "bounds": [
            2410368,
            2564640
        ],
        "coords": [
            24.646060943603516,
            77.34187316894531
        ],
        "colour": "#ffcdad"
    },
    "2-1-settings-01--1_2STEREO.wav": {
        "numchans": 2,
        "sr": 44100,
        "category": 0,
        "bounds": [
            2564640,
            2762976
        ],
        "coords": [
            -20.17689323425293,
            -4.087847709655762
        ],
        "colour": "#ffcdad"
    },
    "2-1-settings-01--1_3STEREO.wav": {
        "numchans": 2,
        "sr": 44100,
        "category": 0,
        "bounds": [
            2762976,
            2961248
        ],
        "coords": [
            48.54707336425781,
            56.50788879394531
        ],
        "colour": "#ffcdad"
    },
    "2-1-settings-01--1_4STEREO.wav": {
        "numchans": 2,
        "sr": 44100,
        "category": 0,
        "bounds": [
            2961248,
            3159616
        ],
        "coords": [
            -23.86725425720215,
            10.343286514282227
        ],
        "colour": "#ffcdad"
    },
    "2-1-settings-01--1_5STEREO.wav": {
        "numchans": 2,
        "sr": 44100,
        "category": 0,
        "bounds": [
            3159616,
            3357920
        ],
        "coords": [
            28.348033905029297,
            -25.44544792175293
        ],
        "colour": "#ffcdad"
    },
    "2-1-settings-01--1_6STEREO.wav": {
        "numchans": 2,
        "sr": 44100,
        "category": 0,
        "bounds": [
            3357920,
            3556256
        ],
        "coords": [
            -34.361717224121094,
            -12.884706497192383
        ],
        "colour": "#ffcdad"
    },
    "2-1-settings-02--1_1STEREO.wav": {
        "numchans": 2,
        "sr": 44100,
        "category": 0,
        "bounds": [
            3556256,
            3710624
        ],
        "coords": [
            -26.849123001098633,
            84.5258560180664
        ],
        "colour": "#ff8c45"
    },
    "2-1-settings-02--1_2STEREO.wav": {
        "numchans": 2,
        "sr": 44100,
        "category": 0,
        "bounds": [
            3710624,
            3908928
        ],
        "coords": [
            -12.233562469482422,
            90.84027862548828
        ],
        "colour": "#ff8c45"
    },
    "2-1-settings-02--1_3STEREO.wav": {
        "numchans": 2,
        "sr": 44100,
        "category": 0,
        "bounds": [
            3908928,
            4107200
        ],
        "coords": [
            -0.6293247938156128,
            -32.975486755371094
        ],
        "colour": "#ff8c45"
    },
    "2-1-settings-02--1_4STEREO.wav": {
        "numchans": 2,
        "sr": 44100,
        "category": 0,
        "bounds": [
            4107200,
            4305568
        ],
        "coords": [
            -33.651615142822266,
            -31.2857608795166
        ],
        "colour": "#ff8c45"
    },
    "2-1-settings-02--1_5STEREO.wav": {
        "numchans": 2,
        "sr": 44100,
        "category": 0,
        "bounds": [
            4305568,
            4503840
        ],
        "coords": [
            6.164494514465332,
            79.18138885498047
        ],
        "colour": "#ff8c45"
    },
    "2-1-settings-02--1_6STEREO.wav": {
        "numchans": 2,
        "sr": 44100,
        "category": 0,
        "bounds": [
            4503840,
            4702208
        ],
        "coords": [
            -28.59554100036621,
            -49.07004165649414
        ],
        "colour": "#ff8c45"
    },
    "full-rand-01-1_1STEREO.wav": {
        "numchans": 2,
        "sr": 44100,
        "category": 0,
        "bounds": [
            4702208,
            4856576
        ],
        "coords": [
            -62.47050476074219,
            -26.579463958740234
        ],
        "colour": "#e1ffa6"
    },
    "full-rand-01-1_2STEREO.wav": {
        "numchans": 2,
        "sr": 44100,
        "category": 0,
        "bounds": [
            4856576,
            5187072
        ],
        "coords": [
            -21.15467643737793,
            28.619401931762695
        ],
        "colour": "#e1ffa6"
    },
    "full-rand-01-1_3STEREO.wav": {
        "numchans": 2,
        "sr": 44100,
        "category": 0,
        "bounds": [
            5187072,
            5516544
        ],
        "coords": [
            -71.52056884765625,
            -10.103160858154297
        ],
        "colour": "#e1ffa6"
    },
    "full-rand-01-1_4STEREO.wav": {
        "numchans": 2,
        "sr": 44100,
        "category": 0,
        "bounds": [
            5516544,
            5846144
        ],
        "coords": [
            9.369969367980957,
            -20.818798065185547
        ],