{
    "1-1-1-1-settings-01-2_10STEREO.wav": {
        "numchans": 2,
        "sr": 44100,
        "category": 0,
        "bounds": [
            0,
            264256
        ],
        "coords": [
            0.2734767198562622,
            -0.09224872291088104
        ],
        "colour": "#f6b8b8"
    },
    "1-1-1-1-settings-01-2_6STEREO.wav": {
        "numchans": 2,
        "sr": 44100,
        "category": 0,
        "bounds": [
            264256,
            528512
        ],
        "coords": [
            0.300097793340683,
            0.8750522136688232
        ],
        "colour": "#f6b8b8"
    },
    "1-1-1-1-settings-01-2_7STEREO.wav": {
        "numchans": 2,
        "sr": 44100,
        "category": 0,
        "bounds": [
            528512,
            792992
        ],
        "coords": [
            0.635888934135437,
            1.423254370689392
        ],
        "colour": "#f6b8b8"
    },
    "1-1-1-1-settings-01-2_8STEREO.wav": {
        "numchans": 2,
        "sr": 44100,
        "category": 0,
        "bounds": [
            792992,
            1057344
        ],
        "coords": [
            0.5710160136222839,
            0.16788849234580994
        ],
        "colour": "#f6b8b8"
    },
    "1-1-1-1-settings-01-2_9STEREO.wav": {
        "numchans": 2,
        "sr": 44100,
        "category": 0,
        "bounds": [
            1057344,
            1321696
        ],
        "coords": [
            0.668546199798584,
            -0.8371230959892273
        ],
        "colour": "#f6b8b8"
    },
    "1-1-1-1-settings-02-2_10STEREO.wav": {
        "numchans": 2,
        "sr": 44100,
        "category": 0,
        "bounds": [
            1321696,
            1585952
        ],
        "coords": [
            -0.7647808790206909,
            1.3233195543289185
        ],
        "colour": "#f65454"
    },
    "1-1-1-1-settings-02-2_6STEREO.wav": {
        "numchans": 2,
        "sr": 44100,
        "category": 0,
        "bounds": [
            1585952,
            1850176
        ],
        "coords": [
            0.2247397005558014,
            1.8549166917800903
        ],
        "colour": "#f65454"
    },
    "1-1-1-1-settings-02-2_7STEREO.wav": {
        "numchans": 2,
        "sr": 44100,
        "category": 0,
        "bounds": [
            1850176,
            2114432
        ],
        "coords": [
            -0.1587071269750595,
            -0.21994654834270477
        ],
        "colour": "#f65454"
    },
    "1-1-1-1-settings-02-2_8STEREO.wav": {
        "numchans": 2,
        "sr": 44100,
        "category": 0,
        "bounds": [
            2114432,
            2378720
        ],
        "coords": [
            0.3792855739593506,
            -0.5820584893226624
        ],
        "colour": "#f65454"
    },
    "1-1-1-1-settings-02-2_9STEREO.wav": {
        "numchans": 2,
        "sr": 44100,
        "category": 0,
        "bounds": [
            2378720,
            2643040
        ],
        "coords": [
            -1.5589700937271118,
            0.008244541473686695
        ],
        "colour": "#f65454"
    },
    "2-1-settings-01--2_10STEREO.wav": {
        "numchans": 2,
        "sr": 44100,
        "category": 0,
        "bounds": [
            2643040,
            2841376
        ],
        "coords": [
            -1.344655990600586,
            1.7386575937271118
        ],
        "colour": "#f6c6a7"
    },
    "2-1-settings-01--2_11STEREO.wav": {
        "numchans": 2,
        "sr": 44100,
        "category": 0,
        "bounds": [
            2841376,
            3039680
        ],
        "coords": [
            0.2510821521282196,
            -0.8116123676300049
        ],
        "colour": "#f6c6a7"
    },
    "2-1-settings-01--2_12STEREO.wav": {
        "numchans": 2,
        "sr": 44100,
        "category": 0,
        "bounds": [
            3039680,
            3238080
        ],
        "coords": [
            1.1336514949798584,
            1.3126685619354248
        ],
        "colour": "#f6c6a7"
    },
    "2-1-settings-01--2_13STEREO.wav": {
        "numchans": 2,
        "sr": 44100,
        "category": 0,
        "bounds": [
            3238080,
            3436352
        ],
        "coords": [
            -1.7468693256378174,
            1.1130002737045288
        ],
        "colour": "#f6c6a7"
    },
    "2-1-settings-01--2_7STEREO.wav": {
        "numchans": 2,
        "sr": 44100,
        "category": 0,
        "bounds": [
            3436352,
            3634752
        ],
        "coords": [
            -1.0820454359054565,
            2.0365753173828125
        ],
        "colour": "#f6c6a7"
    },
    "2-1-settings-01--2_8STEREO.wav": {
        "numchans": 2,
        "sr": 44100,
        "category": 0,
        "bounds": [
            3634752,
            3833024
        ],
        "coords": [
            -2.440239667892456,
            0.8240753412246704
        ],
        "colour": "#f6c6a7"
    },
    "2-1-settings-01--2_9STEREO.wav": {
        "numchans": 2,
        "sr": 44100,
        "category": 0,
        "bounds": [
            3833024,
            4031392
        ],
        "coords": [
            -0.7707552909851074,
            -0.09952808916568756
        ],
        "colour": "#f6c6a7"
    },
    "2-1-settings-02--2_10STEREO.wav": {
        "numchans": 2,
        "sr": 44100,
        "category": 0,
        "bounds": [
            4031392,
            4229664
        ],
        "coords": [
            1.4282526969909668,
            -0.9918859004974365
        ],
        "colour": "#f68742"
    },
    "2-1-settings-02--2_11STEREO.wav": {
        "numchans": 2,
        "sr": 44100,
        "category": 0,
        "bounds": [
            4229664,
            4428000
        ],
        "coords": [
            -1.1985223293304443,
            0.9801872968673706
        ],
        "colour": "#f68742"
    },
    "2-1-settings-02--2_12STEREO.wav": {
        "numchans": 2,
        "sr": 44100,
        "category": 0,
        "bounds": [
            4428000,
            4626336
        ],
        "coords": [
            -2.1993908882141113,
            0.7218284010887146
        ],
        "colour": "#f68742"
    },
    "2-1-settings-02--2_13STEREO.wav": {
        "numchans": 2,
        "sr": 44100,
        "category": 0,
        "bounds": [
            4626336,
            4824608
        ],
        "coords": [
            -2.2021305561065674,
            0.43752139806747437
        ],
        "colour": "#f68742"
    },
    "2-1-settings-02--2_7STEREO.wav": {
        "numchans": 2,
        "sr": 44100,
        "category": 0,
        "bounds": [
            4824608,
            5022912
        ],
        "coords": [
            -1.8080891370773315,
            1.5232025384902954
        ],
        "colour": "#f68742"
    },
    "2-1-settings-02--2_8STEREO.wav": {
        "numchans": 2,
        "sr": 44100,
        "category": 0,
        "bounds": [
            5022912,
            5221184
        ],
        "coords": [
            -0.20545443892478943,
            -0.5078495740890503
        ],
        "colour": "#f68742"
    },
    "2-1-settings-02--2_9STEREO.wav": {
        "numchans": 2,
        "sr": 44100,
        "category": 0,
        "bounds": [
            5221184,
            5419584
        ],
        "coords": [
            0.7172207832336426,
            0.8725578188896179
        ],
        "colour": "#f68742"
    },
    "full-rand-01-2_5STEREO.wav": {
        "numchans": 2,
        "sr": 44100,
        "category": 0,
        "bounds": [
            5419584,
            5749184
        ],
        "coords": [
            -0.1899833232164383,
            0.825804591178894
        ],
        "colour": "#d9f6a0"
    },
    "full-rand-01-2_6STEREO.wav": {
        "numchans": 2,
        "sr": 44100,
        "category": 0,
        "bounds": [
            5749184,
            6079520
        ],