{
    "1-1-1-1-settings-01-24_211STEREO.wav": {
        "numchans": 2,
        "sr": 44100,
        "category": 0,
        "bounds": [
            0,
            264000
        ],
        "coords": [
            8.54300308227539,
            7.849719047546387
        ],
        "colour": "#e5abab"
    },
    "1-1-1-1-settings-01-24_212STEREO.wav": {
        "numchans": 2,
        "sr": 44100,
        "category": 0,
        "bounds": [
            264000,
            527904
        ],
        "coords": [
            8.9033203125,
            7.720571517944336
        ],
        "colour": "#e5abab"
    },
    "1-1-1-1-settings-01-24_213STEREO.wav": {
        "numchans": 2,
        "sr": 44100,
        "category": 0,
        "bounds": [
            527904,
            791840
        ],
        "coords": [
            8.800102233886719,
            8.108877182006836
        ],
        "colour": "#e5abab"
    },
    "1-1-1-1-settings-01-24_214STEREO.wav": {
        "numchans": 2,
        "sr": 44100,
        "category": 0,
        "bounds": [
            791840,
            1055776
        ],
        "coords": [
            4.296945095062256,
            7.738034725189209
        ],
        "colour": "#e5abab"
    },
    "1-1-1-1-settings-01-24_215STEREO.wav": {
        "numchans": 2,
        "sr": 44100,
        "category": 0,
        "bounds": [
            1055776,
            1319840
        ],
        "coords": [
            4.458409309387207,
            8.112088203430176
        ],
        "colour": "#e5abab"
    },
    "1-1-1-1-settings-02-24_214STEREO.wav": {
        "numchans": 2,
        "sr": 44100,
        "category": 0,
        "bounds": [
            1319840,
            1583872
        ],
        "coords": [
            5.104991912841797,
            8.386921882629395
        ],
        "colour": "#e54e4e"
    },
    "1-1-1-1-settings-02-24_215STEREO.wav": {
        "numchans": 2,
        "sr": 44100,
        "category": 0,
        "bounds": [
            1583872,
            1847808
        ],
        "coords": [
            4.940713405609131,
            8.452757835388184
        ],
        "colour": "#e54e4e"
    },
    "1-1-1-1-settings-02-24_216STEREO.wav": {
        "numchans": 2,
        "sr": 44100,
        "category": 0,
        "bounds": [
            1847808,
            2111872
        ],
        "coords": [
            5.173208236694336,
            8.217796325683594
        ],
        "colour": "#e54e4e"
    },
    "1-1-1-1-settings-02-24_217STEREO.wav": {
        "numchans": 2,
        "sr": 44100,
        "category": 0,
        "bounds": [
            2111872,
            2375904
        ],
        "coords": [
            4.595915794372559,
            7.720184326171875
        ],
        "colour": "#e54e4e"
    },
    "1-1-1-1-settings-02-24_218STEREO.wav": {
        "numchans": 2,
        "sr": 44100,
        "category": 0,
        "bounds": [
            2375904,
            2639712
        ],
        "coords": [
            4.554990291595459,
            8.281407356262207
        ],
        "colour": "#e54e4e"
    },
    "2-1-settings-01--24_279STEREO.wav": {
        "numchans": 2,
        "sr": 44100,
        "category": 0,
        "bounds": [
            2639712,
            2837856
        ],
        "coords": [
            3.626159906387329,
            8.098010063171387
        ],
        "colour": "#e5b89b"
    },
    "2-1-settings-01--24_280STEREO.wav": {
        "numchans": 2,
        "sr": 44100,
        "category": 0,
        "bounds": [
            2837856,
            3035904
        ],
        "coords": [
            9.230508804321289,
            7.690380573272705
        ],
        "colour": "#e5b89b"
    },
    "2-1-settings-01--24_281STEREO.wav": {
        "numchans": 2,
        "sr": 44100,
        "category": 0,
        "bounds": [
            3035904,
            3233920
        ],
        "coords": [
            3.3860881328582764,
            8.233182907104492
        ],
        "colour": "#e5b89b"
    },
    "2-1-settings-01--24_282STEREO.wav": {
        "numchans": 2,
        "sr": 44100,
        "category": 0,
        "bounds": [
            3233920,
            3432032
        ],
        "coords": [
            4.985901355743408,
            7.850127220153809
        ],
        "colour": "#e5b89b"
    },
    "2-1-settings-01--24_283STEREO.wav": {
        "numchans": 2,
        "sr": 44100,
        "category": 0,
        "bounds": [
            3432032,
            3630016
        ],
        "coords": [
            3.5048434734344482,
            8.367574691772461
        ],
        "colour": "#e5b89b"
    },
    "2-1-settings-01--24_284STEREO.wav": {
        "numchans": 2,
        "sr": 44100,
        "category": 0,
        "bounds": [
            3630016,
            3828160
        ],
        "coords": [
            3.705923318862915,
            7.952642440795898
        ],
        "colour": "#e5b89b"
    },
    "2-1-settings-01--24_285STEREO.wav": {
        "numchans": 2,
        "sr": 44100,
        "category": 0,
        "bounds": [
            3828160,
            4026432
        ],
        "coords": [
            3.6584291458129883,
            8.568018913269043
        ],
        "colour": "#e5b89b"
    },
    "2-1-settings-02--24_281STEREO.wav": {
        "numchans": 2,
        "sr": 44100,
        "category": 0,
        "bounds": [
            4026432,
            4224704
        ],
        "coords": [
            10.30583667755127,
            7.518587112426758
        ],
        "colour": "#e57e3e"
    },
    "2-1-settings-02--24_282STEREO.wav": {
        "numchans": 2,
        "sr": 44100,
        "category": 0,
        "bounds": [
            4224704,
            4422848
        ],
        "coords": [
            10.386547088623047,
            8.161276817321777
        ],
        "colour": "#e57e3e"
    },
    "2-1-settings-02--24_283STEREO.wav": {
        "numchans": 2,
        "sr": 44100,
        "category": 0,
        "bounds": [
            4422848,
            4621088
        ],
        "coords": [
            14.168465614318848,
            8.134543418884277
        ],
        "colour": "#e57e3e"
    },
    "2-1-settings-02--24_284STEREO.wav": {
        "numchans": 2,
        "sr": 44100,
        "category": 0,
        "bounds": [
            4621088,
            4819104
        ],
        "coords": [
            10.562204360961914,
            7.7145843505859375
        ],
        "colour": "#e57e3e"
    },
    "2-1-settings-02--24_285STEREO.wav": {
        "numchans": 2,
        "sr": 44100,
        "category": 0,
        "bounds": [
            4819104,
            5017120
        ],
        "coords": [
            10.102842330932617,
            7.9708967208862305
        ],
        "colour": "#e57e3e"
    },
    "2-1-settings-02--24_286STEREO.wav": {
        "numchans": 2,
        "sr": 44100,
        "category": 0,
        "bounds": [
            5017120,
            5215168
        ],
        "coords": [
            11.014486312866211,
            7.952086448669434
        ],
        "colour": "#e57e3e"
    },
    "2-1-settings-02--24_287STEREO.wav": {
        "numchans": 2,
        "sr": 44100,
        "category": 0,
        "bounds": [
            5215168,
            5413216
        ],
        "coords": [
            10.629836082458496,
            8.036761283874512
        ],
        "colour": "#e57e3e"
    },
    "full-rand-01-24_173STEREO.wav": {
        "numchans": 2,
        "sr": 44100,
        "category": 0,
        "bounds": [
            5413216,
            5743712
        ],
        "coords": [
            16.42060089111328,
            6.7732744216918945
        ],
        "colour": "#cae595"
    },
    "full-rand-01-24_174STEREO.wav": {
        "numchans": 2,
        "sr": 44100,
        "category": 0,
        "bounds": [
            5743712,
            6073952
        ],