{
    "Gong Lanang-A034_HPSS.wav": {
        "numchans": 3,
        "sr": 44100,
        "category": 0,
        "bounds": [
            0,
            875852
        ],
        "coords": [
            -0.2910401583974098,
            -0.17423404345820429
        ]
    },
    "Gong Lanang-A050_HPSS.wav": {
        "numchans": 3,
        "sr": 44100,
        "category": 0,
        "bounds": [
            875852,
            1883895
        ],
        "coords": [
            -0.21464714436878662,
            -0.04709603851173225
        ]
    },
    "Gong Lanang-A070_HPSS.wav": {
        "numchans": 3,
        "sr": 44100,
        "category": 0,
        "bounds": [
            1883895,
            2891938
        ],
        "coords": [
            -0.28192010335738515,
            -0.16505427424594488
        ]
    },
    "Gong Lanang-A087_HPSS.wav": {
        "numchans": 3,
        "sr": 44100,
        "category": 0,
        "bounds": [
            2891938,
            3924850
        ],
        "coords": [
            -0.2313247343532278,
            -0.07592451138337034
        ]
    },
    "Gong Lanang-A103_HPSS.wav": {
        "numchans": 3,
        "sr": 44100,
        "category": 0,
        "bounds": [
            3924850,
            5104806
        ],
        "coords": [
            -0.11678713588540732,
            0.11566309348724008
        ]
    },
    "Gong Lanang-A117_HPSS.wav": {
        "numchans": 3,
        "sr": 44100,
        "category": 0,
        "bounds": [
            5104806,
            6287574
        ],
        "coords": [
            -0.18903725790213877,
            -0.008124383657510864
        ]
    },
    "Gong Lanang-A127_HPSS.wav": {
        "numchans": 3,
        "sr": 44100,
        "category": 0,
        "bounds": [
            6287574,
            7679369
        ],
        "coords": [
            -0.2575483810421889,
            -0.1308449872437809
        ]
    },
    "Gong Wadon-A038_HPSS.wav": {
        "numchans": 3,
        "sr": 44100,
        "category": 0,
        "bounds": [
            7679369,
            9071164
        ],
        "coords": [
            -0.2886816126823432,
            -0.18318006604574655
        ]
    },
    "Gong Wadon-A058_HPSS.wav": {
        "numchans": 3,
        "sr": 44100,
        "category": 0,
        "bounds": [
            9071164,
            10462959
        ],
        "coords": [
            -0.09547822184611333,
            0.13040711016891182
        ]
    },
    "Gong Wadon-A077_HPSS.wav": {
        "numchans": 3,
        "sr": 44100,
        "category": 0,
        "bounds": [
            10462959,
            11854754
        ],
        "coords": [
            0.10206852016972377,
            0.30019248693676764
        ]
    },
    "Gong Wadon-A098_HPSS.wav": {
        "numchans": 3,
        "sr": 44100,
        "category": 0,
        "bounds": [
            11854754,
            13246549
        ],
        "coords": [
            -0.006796706914390809,
            0.29019080661388935
        ]
    },
    "Gong Wadon-A108_HPSS.wav": {
        "numchans": 3,
        "sr": 44100,
        "category": 0,
        "bounds": [
            13246549,
            14638344
        ],
        "coords": [
            -0.010243022237558496,
            0.29133536554676337
        ]
    },
    "Gong Wadon-A117_HPSS.wav": {
        "numchans": 3,
        "sr": 44100,
        "category": 0,
        "bounds": [
            14638344,
            16095303
        ],
        "coords": [
            0.1672337813951148,
            0.3249758026839689
        ]
    },
    "Gong Wadon-A123_HPSS.wav": {
        "numchans": 3,
        "sr": 44100,
        "category": 0,
        "bounds": [
            16095303,
            17552262
        ],
        "coords": [
            0.01630485509114196,
            0.3068976716119005
        ]
    },
    "Gong Wadon-A127_HPSS.wav": {
        "numchans": 3,
        "sr": 44100,
        "category": 0,
        "bounds": [
            17552262,
            19009221
        ],
        "coords": [
            0.1580985548866672,
            0.32978207246667307
        ]
    },
    "Kempur-A055_HPSS.wav": {
        "numchans": 3,
        "sr": 44100,
        "category": 0,
        "bounds": [
            19009221,
            20466180
        ],
        "coords": [
            0.21835889486944998,
            -0.2183808548704338
        ]
    },
    "Kempur-A072_HPSS.wav": {
        "numchans": 3,
        "sr": 44100,
        "category": 0,
        "bounds": [
            20466180,
            21923139
        ],
        "coords": [
            0.20764097209762247,
            -0.222852488630845
        ]
    },
    "Kempur-A089_HPSS.wav": {
        "numchans": 3,
        "sr": 44100,
        "category": 0,
        "bounds": [
            21923139,
            23380098
        ],
        "coords": [
            0.28752843979743914,
            -0.21107973765833332
        ]
    },
    "Kempur-A106_HPSS.wav": {
        "numchans": 3,
        "sr": 44100,
        "category": 0,
        "bounds": [
            23380098,
            24837057
        ],
        "coords": [
            0.18106344932812413,
            -0.23286598335344305
        ]
    },
    "Kempur-A119_HPSS.wav": {
        "numchans": 3,
        "sr": 44100,
        "category": 0,
        "bounds": [
            24837057,
            26294016
        ],
        "coords": [
            0.16468222437075142,
            -0.2352399941144344
        ]
    },
    "Kempur-A127_HPSS.wav": {
        "numchans": 3,
        "sr": 44100,
        "category": 0,
        "bounds": [
            26294016,
            27750975
        ],
        "coords": [
            0.48052478719471076,
            -0.18456704634691284
        ]
    }
}