{
    "Gong Lanang-A034_HPSS.wav": {
        "numchans": 3,
        "sr": 44100,
        "category": 0,
        "bounds": [
            0,
            875852
        ],
        "coords": [
            0.07370345087515638,
            2.0832252307509945e-13
        ]
    },
    "Gong Lanang-A050_HPSS.wav": {
        "numchans": 3,
        "sr": 44100,
        "category": 0,
        "bounds": [
            875852,
            1883895
        ],
        "coords": [
            0.07370345087523532,
            2.1744599540943087e-13
        ]
    },
    "Gong Lanang-A070_HPSS.wav": {
        "numchans": 3,
        "sr": 44100,
        "category": 0,
        "bounds": [
            1883895,
            2891938
        ],
        "coords": [
            0.2621306393629873,
            0.22827173226440334
        ]
    },
    "Gong Lanang-A087_HPSS.wav": {
        "numchans": 3,
        "sr": 44100,
        "category": 0,
        "bounds": [
            2891938,
            3924850
        ],
        "coords": [
            0.07370345087533782,
            2.292613184245217e-13
        ]
    },
    "Gong Lanang-A103_HPSS.wav": {
        "numchans": 3,
        "sr": 44100,
        "category": 0,
        "bounds": [
            3924850,
            5104806
        ],
        "coords": [
            0.0737034508754066,
            2.372081870888576e-13
        ]
    },
    "Gong Lanang-A117_HPSS.wav": {
        "numchans": 3,
        "sr": 44100,
        "category": 0,
        "bounds": [
            5104806,
            6287574
        ],
        "coords": [
            0.07370345087549908,
            2.4791352501268036e-13
        ]
    },
    "Gong Lanang-A127_HPSS.wav": {
        "numchans": 3,
        "sr": 44100,
        "category": 0,
        "bounds": [
            6287574,
            7679369
        ],
        "coords": [
            0.07370345087569326,
            2.7033878788150494e-13
        ]
    },
    "Gong Wadon-A038_HPSS.wav": {
        "numchans": 3,
        "sr": 44100,
        "category": 0,
        "bounds": [
            7679369,
            9071164
        ],
        "coords": [
            0.26213063936402586,
            -0.3150298130577796
        ]
    },
    "Gong Wadon-A058_HPSS.wav": {
        "numchans": 3,
        "sr": 44100,
        "category": 0,
        "bounds": [
            9071164,
            10462959
        ],
        "coords": [
            0.26213063936322767,
            0.10380504258712021
        ]
    },
    "Gong Wadon-A077_HPSS.wav": {
        "numchans": 3,
        "sr": 44100,
        "category": 0,
        "bounds": [
            10462959,
            11854754
        ],
        "coords": [
            0.2621306393626956,
            0.43127524731992184
        ]
    },
    "Gong Wadon-A098_HPSS.wav": {
        "numchans": 3,
        "sr": 44100,
        "category": 0,
        "bounds": [
            11854754,
            13246549
        ],
        "coords": [
            0.26213063936324404,
            0.11932089034683288
        ]
    },
    "Gong Wadon-A108_HPSS.wav": {
        "numchans": 3,
        "sr": 44100,
        "category": 0,
        "bounds": [
            13246549,
            14638344
        ],
        "coords": [
            0.2621306393632145,
            0.15750954855067545
        ]
    },
    "Gong Wadon-A117_HPSS.wav": {
        "numchans": 3,
        "sr": 44100,
        "category": 0,
        "bounds": [
            14638344,
            16095303
        ],
        "coords": [
            0.07370345087590649,
            2.949862576429041e-13
        ]
    },
    "Gong Wadon-A123_HPSS.wav": {
        "numchans": 3,
        "sr": 44100,
        "category": 0,
        "bounds": [
            16095303,
            17552262
        ],
        "coords": [
            0.2621306393631598,
            0.21390426919515945
        ]
    },
    "Gong Wadon-A127_HPSS.wav": {
        "numchans": 3,
        "sr": 44100,
        "category": 0,
        "bounds": [
            17552262,
            19009221
        ],
        "coords": [
            0.2621306393629255,
            0.392429831982698
        ]
    },
    "Kempur-A055_HPSS.wav": {
        "numchans": 3,
        "sr": 44100,
        "category": 0,
        "bounds": [
            19009221,
            20466180
        ],
        "coords": [
            0.2621306393637579,
            -0.2461961523294898
        ]
    },
    "Kempur-A072_HPSS.wav": {
        "numchans": 3,
        "sr": 44100,
        "category": 0,
        "bounds": [
            20466180,
            21923139
        ],
        "coords": [
            0.26213063936384384,
            -0.26733005519027586
        ]
    },
    "Kempur-A089_HPSS.wav": {
        "numchans": 3,
        "sr": 44100,
        "category": 0,
        "bounds": [
            21923139,
            23380098
        ],
        "coords": [
            0.26213063936374126,
            -0.23728769627610205
        ]
    },
    "Kempur-A106_HPSS.wav": {
        "numchans": 3,
        "sr": 44100,
        "category": 0,
        "bounds": [
            23380098,
            24837057
        ],
        "coords": [
            0.2621306393640963,
            -0.32332397698541077
        ]
    },
    "Kempur-A119_HPSS.wav": {
        "numchans": 3,
        "sr": 44100,
        "category": 0,
        "bounds": [
            24837057,
            26294016
        ],
        "coords": [
            0.2621306393641485,
            -0.33728351404564044
        ]
    },
    "Kempur-A127_HPSS.wav": {
        "numchans": 3,
        "sr": 44100,
        "category": 0,
        "bounds": [
            26294016,
            27750975
        ],
        "coords": [
            0.26213063936335196,
            0.0799346456437684
        ]
    }
}