{
    "Gong Lanang-A034_HPSS.wav": {
        "numchans": 3,
        "sr": 44100,
        "category": 0,
        "bounds": [
            0,
            875852
        ],
        "coords": [
            1.855395793914795,
            -12.481976509094238
        ]
    },
    "Gong Lanang-A050_HPSS.wav": {
        "numchans": 3,
        "sr": 44100,
        "category": 0,
        "bounds": [
            875852,
            1883895
        ],
        "coords": [
            31.01628303527832,
            154.10769653320312
        ]
    },
    "Gong Lanang-A070_HPSS.wav": {
        "numchans": 3,
        "sr": 44100,
        "category": 0,
        "bounds": [
            1883895,
            2891938
        ],
        "coords": [
            84.56675720214844,
            131.63385009765625
        ]
    },
    "Gong Lanang-A087_HPSS.wav": {
        "numchans": 3,
        "sr": 44100,
        "category": 0,
        "bounds": [
            2891938,
            3924850
        ],
        "coords": [
            96.28888702392578,
            49.41923141479492
        ]
    },
    "Gong Lanang-A103_HPSS.wav": {
        "numchans": 3,
        "sr": 44100,
        "category": 0,
        "bounds": [
            3924850,
            5104806
        ],
        "coords": [
            -33.56344223022461,
            30.08863639831543
        ]
    },
    "Gong Lanang-A117_HPSS.wav": {
        "numchans": 3,
        "sr": 44100,
        "category": 0,
        "bounds": [
            5104806,
            6287574
        ],
        "coords": [
            -71.75891876220703,
            0.21519455313682556
        ]
    },
    "Gong Lanang-A127_HPSS.wav": {
        "numchans": 3,
        "sr": 44100,
        "category": 0,
        "bounds": [
            6287574,
            7679369
        ],
        "coords": [
            117.832275390625,
            90.8581771850586
        ]
    },
    "Gong Wadon-A038_HPSS.wav": {
        "numchans": 3,
        "sr": 44100,
        "category": 0,
        "bounds": [
            7679369,
            9071164
        ],
        "coords": [
            85.80854797363281,
            -49.28123092651367
        ]
    },
    "Gong Wadon-A058_HPSS.wav": {
        "numchans": 3,
        "sr": 44100,
        "category": 0,
        "bounds": [
            9071164,
            10462959
        ],
        "coords": [
            46.90089797973633,
            5.584799289703369
        ]
    },
    "Gong Wadon-A077_HPSS.wav": {
        "numchans": 3,
        "sr": 44100,
        "category": 0,
        "bounds": [
            10462959,
            11854754
        ],
        "coords": [
            -83.5205078125,
            60.06549835205078
        ]
    },
    "Gong Wadon-A098_HPSS.wav": {
        "numchans": 3,
        "sr": 44100,
        "category": 0,
        "bounds": [
            11854754,
            13246549
        ],
        "coords": [
            -47.276363372802734,
            134.79550170898438
        ]
    },
    "Gong Wadon-A108_HPSS.wav": {
        "numchans": 3,
        "sr": 44100,
        "category": 0,
        "bounds": [
            13246549,
            14638344
        ],
        "coords": [
            49.2824821472168,
            99.1102523803711
        ]
    },
    "Gong Wadon-A117_HPSS.wav": {
        "numchans": 3,
        "sr": 44100,
        "category": 0,
        "bounds": [
            14638344,
            16095303
        ],
        "coords": [
            52.507171630859375,
            54.127628326416016
        ]
    },
    "Gong Wadon-A123_HPSS.wav": {
        "numchans": 3,
        "sr": 44100,
        "category": 0,
        "bounds": [
            16095303,
            17552262
        ],
        "coords": [
            89.49655151367188,
            0.12885619699954987
        ]
    },
    "Gong Wadon-A127_HPSS.wav": {
        "numchans": 3,
        "sr": 44100,
        "category": 0,
        "bounds": [
            17552262,
            19009221
        ],
        "coords": [
            8.387276649475098,
            72.57880401611328
        ]
    },
    "Kempur-A055_HPSS.wav": {
        "numchans": 3,
        "sr": 44100,
        "category": 0,
        "bounds": [
            19009221,
            20466180
        ],
        "coords": [
            137.11575317382812,
            13.014583587646484
        ]
    },
    "Kempur-A072_HPSS.wav": {
        "numchans": 3,
        "sr": 44100,
        "category": 0,
        "bounds": [
            20466180,
            21923139
        ],
        "coords": [
            31.977943420410156,
            -51.8526725769043
        ]
    },
    "Kempur-A089_HPSS.wav": {
        "numchans": 3,
        "sr": 44100,
        "category": 0,
        "bounds": [
            21923139,
            23380098
        ],
        "coords": [
            -0.3651725649833679,
            116.25164031982422
        ]
    },
    "Kempur-A106_HPSS.wav": {
        "numchans": 3,
        "sr": 44100,
        "category": 0,
        "bounds": [
            23380098,
            24837057
        ],
        "coords": [
            -38.60142517089844,
            80.4115982055664
        ]
    },
    "Kempur-A119_HPSS.wav": {
        "numchans": 3,
        "sr": 44100,
        "category": 0,
        "bounds": [
            24837057,
            26294016
        ],
        "coords": [
            -33.715003967285156,
            -43.32780075073242
        ]
    },
    "Kempur-A127_HPSS.wav": {
        "numchans": 3,
        "sr": 44100,
        "category": 0,
        "bounds": [
            26294016,
            27750975
        ],
        "coords": [
            10.441971778869629,
            31.10806655883789
        ]
    }
}