{
    "Gong Lanang-A034_HPSS.wav": {
        "numchans": 3,
        "sr": 44100,
        "category": 0,
        "bounds": [
            0,
            875852
        ],
        "coords": [
            -165.34847923942218,
            -25.14540502389357
        ]
    },
    "Gong Lanang-A050_HPSS.wav": {
        "numchans": 3,
        "sr": 44100,
        "category": 0,
        "bounds": [
            875852,
            1883895
        ],
        "coords": [
            -165.58112233686938,
            -31.083516252525392
        ]
    },
    "Gong Lanang-A070_HPSS.wav": {
        "numchans": 3,
        "sr": 44100,
        "category": 0,
        "bounds": [
            1883895,
            2891938
        ],
        "coords": [
            80.77671048986221,
            -38.72618047047354
        ]
    },
    "Gong Lanang-A087_HPSS.wav": {
        "numchans": 3,
        "sr": 44100,
        "category": 0,
        "bounds": [
            2891938,
            3924850
        ],
        "coords": [
            -163.4477951925638,
            -33.409022120471455
        ]
    },
    "Gong Lanang-A103_HPSS.wav": {
        "numchans": 3,
        "sr": 44100,
        "category": 0,
        "bounds": [
            3924850,
            5104806
        ],
        "coords": [
            -163.71257621422959,
            -42.105119215460206
        ]
    },
    "Gong Lanang-A117_HPSS.wav": {
        "numchans": 3,
        "sr": 44100,
        "category": 0,
        "bounds": [
            5104806,
            6287574
        ],
        "coords": [
            -162.05240200870898,
            -39.61232227280873
        ]
    },
    "Gong Lanang-A127_HPSS.wav": {
        "numchans": 3,
        "sr": 44100,
        "category": 0,
        "bounds": [
            6287574,
            7679369
        ],
        "coords": [
            -160.5598062279352,
            -39.74060765873035
        ]
    },
    "Gong Wadon-A038_HPSS.wav": {
        "numchans": 3,
        "sr": 44100,
        "category": 0,
        "bounds": [
            7679369,
            9071164
        ],
        "coords": [
            74.93788667350968,
            86.05384910261546
        ]
    },
    "Gong Wadon-A058_HPSS.wav": {
        "numchans": 3,
        "sr": 44100,
        "category": 0,
        "bounds": [
            9071164,
            10462959
        ],
        "coords": [
            79.94415140269821,
            1.8513263138245775
        ]
    },
    "Gong Wadon-A077_HPSS.wav": {
        "numchans": 3,
        "sr": 44100,
        "category": 0,
        "bounds": [
            10462959,
            11854754
        ],
        "coords": [
            82.50942571596602,
            -67.18588223625856
        ]
    },
    "Gong Wadon-A098_HPSS.wav": {
        "numchans": 3,
        "sr": 44100,
        "category": 0,
        "bounds": [
            11854754,
            13246549
        ],
        "coords": [
            82.70167875835986,
            -2.5124231894624063
        ]
    },
    "Gong Wadon-A108_HPSS.wav": {
        "numchans": 3,
        "sr": 44100,
        "category": 0,
        "bounds": [
            13246549,
            14638344
        ],
        "coords": [
            82.44801266755897,
            -5.927176190630055
        ]
    },
    "Gong Wadon-A117_HPSS.wav": {
        "numchans": 3,
        "sr": 44100,
        "category": 0,
        "bounds": [
            14638344,
            16095303
        ],
        "coords": [
            -161.48337410685636,
            -57.24240952108251
        ]
    },
    "Gong Wadon-A123_HPSS.wav": {
        "numchans": 3,
        "sr": 44100,
        "category": 0,
        "bounds": [
            16095303,
            17552262
        ],
        "coords": [
            82.53266237258268,
            -13.76131910623552
        ]
    },
    "Gong Wadon-A127_HPSS.wav": {
        "numchans": 3,
        "sr": 44100,
        "category": 0,
        "bounds": [
            17552262,
            19009221
        ],
        "coords": [
            83.00079958278914,
            -55.22281038339016
        ]
    },
    "Kempur-A055_HPSS.wav": {
        "numchans": 3,
        "sr": 44100,
        "category": 0,
        "bounds": [
            19009221,
            20466180
        ],
        "coords": [
            87.22431814915299,
            66.84407445889231
        ]
    },
    "Kempur-A072_HPSS.wav": {
        "numchans": 3,
        "sr": 44100,
        "category": 0,
        "bounds": [
            20466180,
            21923139
        ],
        "coords": [
            86.70072790442273,
            70.353944138745
        ]
    },
    "Kempur-A089_HPSS.wav": {
        "numchans": 3,
        "sr": 44100,
        "category": 0,
        "bounds": [
            21923139,
            23380098
        ],
        "coords": [
            82.04262362344689,
            57.79607608078558
        ]
    },
    "Kempur-A106_HPSS.wav": {
        "numchans": 3,
        "sr": 44100,
        "category": 0,
        "bounds": [
            23380098,
            24837057
        ],
        "coords": [
            77.95703503270919,
            71.52261646568108
        ]
    },
    "Kempur-A119_HPSS.wav": {
        "numchans": 3,
        "sr": 44100,
        "category": 0,
        "bounds": [
            24837057,
            26294016
        ],
        "coords": [
            80.11822889323847,
            76.59629144320223
        ]
    },
    "Kempur-A127_HPSS.wav": {
        "numchans": 3,
        "sr": 44100,
        "category": 0,
        "bounds": [
            26294016,
            27750975
        ],
        "coords": [
            79.29129406028845,
            20.656015637676227
        ]
    }
}